"BehaviorSpace results (NetLogo 6.4.0)","Table version 2.0"
"ABM_RankingTask_2015_new2.nlogo"
"experiment"
"05/14/2024 12:49:47:362 +0200"
"min-pxcor","max-pxcor","min-pycor","max-pycor"
"0","23","0","10"
"[run number]","team_size","game_size","[step]","team_size","game_size","mu_agree","sd_agree","mu_talk","sd_talk","mu_crit","sd_crit","reached_consensus?","team_score","gain_score","synergy_score"
"2","5","4","6","5","4","2","2","2","2","0","0.5","true","0","0.20020000000000002","-0.333"
"3","5","4","10","5","4","2","2","2","2","0","0.5","true","0.333","-4.0000000000001146E-4","-0.667"
"6","5","4","6","5","4","2","2","2","2","0","0.5","true","0.333","0.3332","0"
"5","5","4","7","5","4","2","2","2","2","0","0.5","true","0.667","0.7338","0.334"
"4","5","4","12","5","4","2","2","2","2","0","0.5","true","1","1","0.33299999999999996"
"9","5","4","6","5","4","2","2","2","2","0","0.5","true","0.667","0.6668000000000001","0"
"7","5","4","7","5","4","2","2","2","2","0","0.5","true","0.667","0.3336","0"
"8","5","4","8","5","4","2","2","2","2","0","0.5","true","-1","-1.1334","-2"
"1","5","4","4","5","4","2","2","2","2","0","0.5","true","1","0.6664","0.33299999999999996"
"11","5","4","5","5","4","2","2","2","2","0","0.5","true","0","0.2","0"
"10","5","4","7","5","4","2","2","2","2","0","0.5","true","0.333","0.3996","-0.334"
"12","5","4","6","5","4","2","2","2","2","0","0.5","true","-0.667","-0.467","-0.667"
"14","5","4","12","5","4","2","2","2","2","0","0.5","true","-0.667","-0.867","-1.334"
"16","5","4","7","5","4","2","2","2","2","0","0.5","true","1","0.7334","0"
"17","5","4","5","5","4","2","2","2","2","0","0.5","true","0.333","0.133","-0.334"
"13","5","4","6","5","4","2","2","2","2","0","0.5","true","0.333","0.1998","0"
"18","5","4","5","5","4","2","2","2","2","0","0.5","true","-1","-0.6666","-1"
"19","5","4","7","5","4","2","2","2","2","0","0.5","true","1","1.1332","0.33299999999999996"
"20","5","4","6","5","4","2","2","2","2","0","0.5","true","0","-0.0668","-0.667"
"22","5","4","5","5","4","2","2","2","2","0","0.5","true","0","0.2666","-0.333"
"23","5","4","8","5","4","2","2","2","2","0","0.5","true","-1","-1.0002","-1.667"
"21","5","4","9","5","4","2","2","2","2","0","0.5","true","0.667","1.0672000000000001","0.667"
"25","5","4","8","5","4","2","2","2","2","0","0.5","true","1","1.0666","0.33299999999999996"
"27","5","4","7","5","4","2","2","2","2","0","0.5","true","0.333","0.1996","-0.334"
"26","5","4","6","5","4","2","2","2","2","0","0.5","true","-0.333","-0.19979999999999998","-0.666"
"24","5","4","11","5","4","2","2","2","2","0","0.5","true","-0.333","-0.39980000000000004","-1.333"
"28","5","4","5","5","4","2","2","2","2","0","0.5","true","1","1.1334","0.33299999999999996"
"29","5","4","8","5","4","2","2","2","2","0","0.5","true","0","0.2","-0.333"
"30","5","4","5","5","4","2","2","2","2","0","0.5","true","0","0.20020000000000002","-0.333"
"31","5","4","7","5","4","2","2","2","2","0","0.5","true","-0.333","-0.46640000000000004","-1"
"32","5","4","9","5","4","2","2","2","2","0","0.5","true","0","0.33340000000000003","-0.333"
"33","5","4","9","5","4","2","2","2","2","0","0.5","true","0.333","0.26660000000000006","-0.667"
"35","5","4","6","5","4","2","2","2","2","0","0.5","true","0.667","1.1338","-0.33299999999999996"
"34","5","4","8","5","4","2","2","2","2","0","0.5","true","-0.333","2.0000000000003348E-4","-0.333"
"36","5","4","8","5","4","2","2","2","2","0","0.5","true","0.333","0.2664","0"
"37","5","4","6","5","4","2","2","2","2","0","0.5","true","0.667","0.5336000000000001","-0.33299999999999996"
"39","5","4","6","5","4","2","2","2","2","0","0.5","true","1","0.8668","0"
"38","5","4","8","5","4","2","2","2","2","0","0.5","true","-0.667","-0.6004","-1.334"
"40","5","4","6","5","4","2","2","2","2","0","0.5","true","0","0.2","-0.333"
"41","5","4","6","5","4","2","2","2","2","0","0.5","true","-0.333","-0.7998000000000001","-1"
"42","5","4","5","5","4","2","2","2","2","0","0.5","true","-0.667","-0.667","-1"
"43","5","4","5","5","4","2","2","2","2","0","0.5","true","0.667","0.6668000000000001","0"
"44","5","4","7","5","4","2","2","2","2","0","0.5","true","0","-0.13340000000000002","-0.667"
"46","5","4","5","5","4","2","2","2","2","0","0.5","true","0","0","-0.333"
"45","5","4","6","5","4","2","2","2","2","0","0.5","true","0.333","0.533","0"
"47","5","4","6","5","4","2","2","2","2","0","0.5","true","1","1.0002","0.667"
"50","5","4","5","5","4","2","2","2","2","0","0.5","true","0","-0.19980000000000003","-0.333"
"49","5","4","7","5","4","2","2","2","2","0","0.5","true","-0.333","0.06720000000000004","-0.666"
"48","5","4","7","5","4","2","2","2","2","0","0.5","true","0","0.2","-0.667"
"51","5","4","6","5","4","2","2","2","2","0","0.5","true","-0.333","-0.1332","-1"
"53","5","4","6","5","4","2","2","2","2","0","0.5","true","0","0.19980000000000003","-0.333"
"54","5","4","5","5","4","2","2","2","2","0","0.5","true","0","0.0666","-0.333"
"52","5","4","7","5","4","2","2","2","2","0","0.5","true","-0.333","-0.6664000000000001","-1.333"
"55","5","4","9","5","4","2","2","2","2","0","0.5","true","0.667","0.667","0"
"59","5","4","4","5","4","2","2","2","2","0","0.5","true","0.667","0.3336","-0.33299999999999996"
"57","5","4","6","5","4","2","2","2","2","0","0.5","true","1","0.7998","0.33299999999999996"
"56","5","4","6","5","4","2","2","2","2","0","0.5","true","1","1.2","0.33299999999999996"
"58","5","4","9","5","4","2","2","2","2","0","0.5","true","-0.333","-0.3996","-0.666"
"15","5","4","9","5","4","2","2","2","2","0","0.5","true","0","0","-0.333"
"62","5","4","6","5","4","2","2","2","2","0","0.5","true","0.333","0.533","0"
"61","5","4","7","5","4","2","2","2","2","0","0.5","true","1","1.2666","1"
"60","5","4","7","5","4","2","2","2","2","0","0.5","true","0.333","-0.06720000000000004","-0.334"
"63","5","4","6","5","4","2","2","2","2","0","0.5","true","-1","-0.7332","-1.333"
"69","5","4","5","5","4","2","2","2","2","0","0.5","true","0.333","0.1996","-0.334"
"67","5","4","6","5","4","2","2","2","2","0","0.5","true","0","-0.13340000000000002","-0.667"
"66","5","4","6","5","4","2","2","2","2","0","0.5","true","-0.333","-0.46640000000000004","-1"
"68","5","4","5","5","4","2","2","2","2","0","0.5","true","-0.333","-0.2664","-1"
"65","5","4","7","5","4","2","2","2","2","0","0.5","true","0","0.2","-1"
"64","5","4","5","5","4","2","2","2","2","0","0.5","true","0","0.19980000000000003","-0.333"
"72","5","4","6","5","4","2","2","2","2","0","0.5","true","-0.333","4.0000000000001146E-4","-0.666"
"73","5","4","8","5","4","2","2","2","2","0","0.5","true","0.667","0.8004","0.334"
"74","5","4","8","5","4","2","2","2","2","0","0.5","true","0.333","0.1996","-0.334"
"70","5","4","7","5","4","2","2","2","2","0","0.5","true","0.667","0.5338","-0.33299999999999996"
"71","5","4","7","5","4","2","2","2","2","0","0.5","true","0.667","0.9338000000000001","0.334"
"79","5","4","6","5","4","2","2","2","2","0","0.5","true","0.667","0.6672","0.334"
"76","5","4","10","5","4","2","2","2","2","0","0.5","true","0.333","0.33280000000000004","-0.334"
"78","5","4","9","5","4","2","2","2","2","0","0.5","true","0.667","0.5338","0"
"77","5","4","8","5","4","2","2","2","2","0","0.5","true","0.333","0.133","-0.667"
"80","5","4","13","5","4","2","2","2","2","0","0.5","true","0.333","0.3996","-0.334"
"81","5","4","5","5","4","2","2","2","2","0","0.5","true","0","0","-0.667"
"85","5","4","4","5","4","2","2","2","2","0","0.5","true","0.333","0.1996","-0.334"
"82","5","4","5","5","4","2","2","2","2","0","0.5","true","0","0.0668","-0.333"
"84","5","4","8","5","4","2","2","2","2","0","0.5","true","0.667","0.6002000000000001","-0.33299999999999996"
"83","5","4","10","5","4","2","2","2","2","0","0.5","true","0.333","0.3332","0"
"88","5","4","6","5","4","2","2","2","2","0","0.5","true","0.667","1.1338","0.334"
"89","5","4","5","5","4","2","2","2","2","0","0.5","true","-0.333","-0.1996","-0.666"
"90","5","4","8","5","4","2","2","2","2","0","0.5","true","0.333","0.13319999999999999","0"
"86","5","4","8","5","4","2","2","2","2","0","0.5","true","0.667","0.6002000000000001","0"
"87","5","4","6","5","4","2","2","2","2","0","0.5","true","0","-1.1102230246251566E-17","-0.667"
"91","5","4","5","5","4","2","2","2","2","0","0.5","true","1","0.6666","0.33299999999999996"
"94","5","4","7","5","4","2","2","2","2","0","0.5","true","0","-0.13340000000000002","-0.667"
"93","5","4","7","5","4","2","2","2","2","0","0.5","true","-0.667","-0.467","-1.334"
"95","5","4","8","5","4","2","2","2","2","0","0.5","true","1","0.5997999999999999","0"
"92","5","4","10","5","4","2","2","2","2","0","0.5","true","0","-0.0668","-0.667"
"97","5","4","6","5","4","2","2","2","2","0","0.5","true","0.667","0.5336000000000001","0"
"96","5","4","6","5","4","2","2","2","2","0","0.5","true","-0.333","-0.2662","-0.666"
"99","5","4","6","5","4","2","2","2","2","0","0.5","true","0.333","0.2662","-0.667"
"98","5","4","8","5","4","2","2","2","2","0","0.5","true","0.667","0.5336000000000001","-0.33299999999999996"
"100","5","4","7","5","4","2","2","2","2","0","0.5","true","0","0","-0.333"
"104","5","4","5","5","4","2","2","2","2","0","0.5","true","0","0.13340000000000002","-0.333"
"101","5","4","7","5","4","2","2","2","2","0","0.5","true","0","0.0668","-0.333"
"105","5","4","7","5","4","2","2","2","2","0","0.5","true","0.667","0.4004","0"
"103","5","4","8","5","4","2","2","2","2","0","0.5","true","-0.667","-0.6004","-1.334"
"102","5","4","10","5","4","2","2","2","2","0","0.5","true","1","0.6666","0.33299999999999996"
"108","5","4","5","5","4","2","2","2","2","0","0.5","true","-0.333","-0.06619999999999998","-1.333"
"109","5","4","6","5","4","2","2","2","2","0","0.5","true","0.333","0.06640000000000001","-0.667"
"107","5","4","7","5","4","2","2","2","2","0","0.5","true","0","0.13340000000000002","0"
"110","5","4","8","5","4","2","2","2","2","0","0.5","true","0.333","0.1328","-0.334"
"106","5","4","10","5","4","2","2","2","2","0","0.5","true","-0.667","-0.667","-1.334"
"115","5","4","7","5","4","2","2","2","2","0","0.5","true","0.667","0.9336000000000001","0.667"
"113","5","4","7","5","4","2","2","2","2","0","0.5","true","-0.333","-0.46620000000000006","-0.666"
"111","5","4","7","5","4","2","2","2","2","0","0.5","true","0.333","0.19980000000000003","-0.667"
"114","5","4","6","5","4","2","2","2","2","0","0.5","true","-0.333","-1.0664","-1.333"
"112","5","4","11","5","4","2","2","2","2","0","0.5","true","0.667","0.6000000000000001","0"
"117","5","4","6","5","4","2","2","2","2","0","0.5","true","0.667","0.3336","-0.33299999999999996"
"116","5","4","5","5","4","2","2","2","2","0","0.5","true","0.333","0.2662","-0.334"
"119","5","4","5","5","4","2","2","2","2","0","0.5","true","0.333","0.06640000000000001","-0.667"
"120","5","4","6","5","4","2","2","2","2","0","0.5","true","0.667","0.6004","-0.33299999999999996"
"118","5","4","10","5","4","2","2","2","2","0","0.5","true","0.667","0.6004","0"
"121","5","4","6","5","4","2","2","2","2","0","0.5","true","0","0","-0.667"
"122","5","4","6","5","4","2","2","2","2","0","0.5","true","0","-0.2","-0.667"
"123","5","4","6","5","4","2","2","2","2","0","0.5","true","0","-0.0668","-1"
"124","5","4","7","5","4","2","2","2","2","0","0.5","true","-0.333","-0.133","-1"
"125","5","4","5","5","4","2","2","2","2","0","0.5","true","0","0.0666","-0.667"
"126","5","4","7","5","4","2","2","2","2","0","0.5","true","0.667","0.7338","0"
"128","5","4","6","5","4","2","2","2","2","0","0.5","true","0.667","0.6006","-0.33299999999999996"
"130","5","4","7","5","4","2","2","2","2","0","0.5","true","0","-0.0666","-0.667"
"127","5","4","6","5","4","2","2","2","2","0","0.5","true","0.667","0.26720000000000005","0"
"129","5","4","8","5","4","2","2","2","2","0","0.5","true","0","-0.2666","-0.667"
"131","5","4","7","5","4","2","2","2","2","0","0.5","true","1","0.5998","0"
"132","5","4","7","5","4","2","2","2","2","0","0.5","true","0","-0.06659999999999999","-1"
"135","5","4","7","5","4","2","2","2","2","0","0.5","true","0","-0.3332","-0.667"
"134","5","4","7","5","4","2","2","2","2","0","0.5","true","-0.333","-0.2662","-0.666"
"133","5","4","8","5","4","2","2","2","2","0","0.5","true","1","0.9334","0.33299999999999996"
"136","5","4","6","5","4","2","2","2","2","0","0.5","true","0.333","0.33280000000000004","-0.334"
"137","5","4","7","5","4","2","2","2","2","0","0.5","true","0.333","-4.0000000000001146E-4","-0.334"
"139","5","4","6","5","4","2","2","2","2","0","0.5","true","-0.667","-0.8004","-1.667"
"138","5","4","7","5","4","2","2","2","2","0","0.5","true","-0.333","-0.06659999999999999","-0.333"
"140","5","4","9","5","4","2","2","2","2","0","0.5","true","0.333","0.3996","0"
"75","5","4","6","5","4","2","2","2","2","0","0.5","true","-0.333","-0.2662","-0.666"
"141","5","4","4","5","4","2","2","2","2","0","0.5","true","0.333","0.333","-0.667"
"144","5","4","6","5","4","2","2","2","2","0","0.5","true","0.667","0.20040000000000002","-0.33299999999999996"
"143","5","4","6","5","4","2","2","2","2","0","0.5","true","0.667","0.8004","0.334"
"145","5","4","8","5","4","2","2","2","2","0","0.5","true","1","0.5332","0.33299999999999996"
"142","5","4","7","5","4","2","2","2","2","0","0.5","true","0.667","0.40040000000000003","-0.33299999999999996"
"147","5","4","5","5","4","2","2","2","2","0","0.5","true","0","0.33340000000000003","0"
"149","5","4","5","5","4","2","2","2","2","0","0.5","true","0","0.13340000000000002","-0.333"
"148","5","4","6","5","4","2","2","2","2","0","0.5","true","-0.333","0.1336","-1"
"150","5","4","7","5","4","2","2","2","2","0","0.5","true","-0.333","-0.333","-1"
"151","5","4","6","5","4","2","2","2","2","0","0.5","true","-0.333","5.999999999999894E-4","-0.666"
"152","5","4","5","5","4","2","2","2","2","0","0.5","true","0","0.13340000000000002","-0.333"
"153","5","4","5","5","4","2","2","2","2","0","0.5","true","0.333","-0.067","-0.667"
"154","5","4","6","5","4","2","2","2","2","0","0.5","true","0.667","0.467","0"
"156","5","4","8","5","4","2","2","2","2","0","0.5","true","0.333","0.46620000000000006","0.333"
"155","5","4","8","5","4","2","2","2","2","0","0.5","true","0.333","0.533","-0.334"
"157","5","4","5","5","4","2","2","2","2","0","0.5","true","-0.333","-0.2664","-0.333"
"159","5","4","7","5","4","2","2","2","2","0","0.5","true","-0.667","-0.5338","-0.667"
"158","5","4","7","5","4","2","2","2","2","0","0.5","true","0.333","0.33280000000000004","-0.334"
"161","5","4","6","5","4","2","2","2","2","0","0.5","true","-0.667","-0.7336","-1.667"
"160","5","4","10","5","4","2","2","2","2","0","0.5","true","1","1.2","0.33299999999999996"
"146","5","4","6","5","4","2","2","2","2","0","0.5","true","0.333","0.533","0"
"162","5","4","6","5","4","2","2","2","2","0","0.5","true","-1","-0.8664000000000001","-1.333"
"163","5","4","10","5","4","2","2","2","2","0","0.5","true","0","-0.06680000000000001","-1"
"164","5","4","10","5","4","2","2","2","2","0","0.5","true","0.667","0.7338","-0.33299999999999996"
"165","5","4","11","5","4","2","2","2","2","0","0.5","true","1","1","0.667"
"166","5","4","9","5","4","2","2","2","2","0","0.5","true","0.667","0.40040000000000003","0"
"168","5","4","8","5","4","2","2","2","2","0","0.5","true","1","0.8668","0.33299999999999996"
"169","5","4","8","5","4","2","2","2","2","0","0.5","true","0.333","0.333","-0.667"
"172","5","4","8","5","4","2","2","2","2","0","0.5","true","0","0.13319999999999999","-0.667"
"171","5","4","7","5","4","2","2","2","2","0","0.5","true","0.333","0.5332","0"
"170","5","4","16","5","4","2","2","2","2","0","0.5","true","1","1.1334","0.667"
"174","5","4","5","5","4","2","2","2","2","0","0.5","true","-0.667","-0.9336","-1.667"
"173","5","4","8","5","4","2","2","2","2","0","0.5","true","0","0","-0.667"
"175","5","4","7","5","4","2","2","2","2","0","0.5","true","-0.333","-0.1998","-1"
"176","5","4","6","5","4","2","2","2","2","0","0.5","true","-0.333","-0.133","-1"
"177","5","4","8","5","4","2","2","2","2","0","0.5","true","0","0.2","0"
"178","5","4","6","5","4","2","2","2","2","0","0.5","true","-0.667","-0.5336000000000001","-1.334"
"181","5","4","5","5","4","2","2","2","2","0","0.5","true","-0.333","0.06680000000000003","0"
"179","5","4","8","5","4","2","2","2","2","0","0.5","true","0","0.1336","-0.333"
"180","5","4","9","5","4","2","2","2","2","0","0.5","true","0","0.06659999999999999","-1"
"182","5","4","5","5","4","2","2","2","2","0","0.5","true","1","0.7332","0"
"183","5","4","14","5","4","2","2","2","2","0","0.5","true","0.667","0.6004","0.334"
"184","5","4","5","5","4","2","2","2","2","0","0.5","true","1","0.6002000000000001","0"
"186","5","4","6","5","4","2","2","2","2","0","0.5","true","0","0.0668","-0.333"
"185","5","4","5","5","4","2","2","2","2","0","0.5","true","-0.667","-0.267","-0.667"
"187","5","4","9","5","4","2","2","2","2","0","0.5","true","0.667","0.7338","-0.33299999999999996"
"188","5","4","5","5","4","2","2","2","2","0","0.5","true","0.333","-0.1336","-0.334"
"189","5","4","7","5","4","2","2","2","2","0","0.5","true","0","0.4","-0.333"
"190","5","4","8","5","4","2","2","2","2","0","0.5","true","0.333","0.533","-0.667"
"191","5","4","9","5","4","2","2","2","2","0","0.5","true","0.333","0.2664","0"
"192","5","4","7","5","4","2","2","2","2","0","0.5","true","-0.333","-0.39980000000000004","-1"
"193","5","4","5","5","4","2","2","2","2","0","0.5","true","0.333","0.06640000000000001","-0.334"
"194","5","4","6","5","4","2","2","2","2","0","0.5","true","0","-0.13340000000000002","-0.667"
"195","5","4","9","5","4","2","2","2","2","0","0.5","true","-0.333","-0.2664","-0.666"
"196","5","4","7","5","4","2","2","2","2","0","0.5","true","0.333","0.46640000000000004","0"
"197","5","4","6","5","4","2","2","2","2","0","0.5","true","0.333","0.06640000000000001","-0.667"
"199","5","4","5","5","4","2","2","2","2","0","0.5","true","0.333","0.1996","-0.334"
"200","5","4","4","5","4","2","2","2","2","0","0.5","true","-0.333","-0.13280000000000003","-0.666"
"198","5","4","8","5","4","2","2","2","2","0","0.5","true","-0.667","-0.5338","-0.667"
"201","5","4","6","5","4","2","2","2","2","0","0.5","true","1","0.8668","0"
"202","5","4","6","5","4","2","2","2","2","0","0.5","true","0.333","0.3996","0"
"203","5","4","5","5","4","2","2","2","2","0","0.5","true","0.333","0.46620000000000006","0"
"205","5","4","7","5","4","2","2","2","2","0","0.5","true","-1","-1.0666","-1.333"
"204","5","4","10","5","4","2","2","2","2","0","0.5","true","0.667","0.6002000000000001","-0.33299999999999996"
"206","5","4","5","5","4","2","2","2","2","0","0.5","true","0.333","0.06659999999999999","0"
"207","5","4","7","5","4","2","2","2","2","0","0.5","true","0","-0.26680000000000004","-0.667"
"208","5","4","5","5","4","2","2","2","2","0","0.5","true","0","0.19980000000000003","0"
"209","5","4","6","5","4","2","2","2","2","0","0.5","true","0.667","0.667","0"
"211","5","4","6","5","4","2","2","2","2","0","0.5","true","-0.333","-0.5328","-0.666"
"210","5","4","6","5","4","2","2","2","2","0","0.5","true","-0.333","-0.39980000000000004","-1"
"212","5","4","7","5","4","2","2","2","2","0","0.5","true","1","0.33320000000000005","0"
"213","5","4","7","5","4","2","2","2","2","0","0.5","true","0","0.2","-0.333"
"216","5","4","8","5","4","2","2","2","2","0","0.5","true","-0.667","-0.3336","-1.334"
"214","5","4","6","5","4","2","2","2","2","0","0.5","true","0.333","-2.0000000000003348E-4","-0.334"
"215","5","4","9","5","4","2","2","2","2","0","0.5","true","0.333","0.46640000000000004","-0.667"
"217","5","4","7","5","4","2","2","2","2","0","0.5","true","0.667","0.667","0.334"
"219","5","4","7","5","4","2","2","2","2","0","0.5","true","0.667","0.5336000000000001","0"
"221","5","4","6","5","4","2","2","2","2","0","0.5","true","0","0.0666","-0.667"
"222","5","4","7","5","4","2","2","2","2","0","0.5","true","0","-0.13340000000000002","-0.667"
"218","5","4","8","5","4","2","2","2","2","0","0.5","true","0.667","0.7336","0.334"
"220","5","4","9","5","4","2","2","2","2","0","0.5","true","0","0.0666","-0.333"
"223","5","4","6","5","4","2","2","2","2","0","0.5","true","0.667","0.467","-0.33299999999999996"
"227","5","4","6","5","4","2","2","2","2","0","0.5","true","0.333","0.06640000000000001","-0.667"
"225","5","4","12","5","4","2","2","2","2","0","0.5","true","1","1.3334000000000001","0.667"
"224","5","4","10","5","4","2","2","2","2","0","0.5","true","-0.333","-0.533","-1"
"226","5","4","11","5","4","2","2","2","2","0","0.5","true","0.333","0.46620000000000006","0.333"
"167","5","4","10","5","4","2","2","2","2","0","0.5","true","0","0.13340000000000002","-0.333"
"229","5","4","7","5","4","2","2","2","2","0","0.5","true","0.667","0.3336","-0.33299999999999996"
"230","5","4","6","5","4","2","2","2","2","0","0.5","true","1","0.9334","0.667"
"228","5","4","8","5","4","2","2","2","2","0","0.5","true","0","-0.33340000000000003","-0.667"
"231","5","4","8","5","4","2","2","2","2","0","0.5","true","-0.333","-0.46640000000000004","-1"
"232","5","4","9","5","4","2","2","2","2","0","0.5","true","0.333","0.39980000000000004","-0.667"
"235","5","4","6","5","4","2","2","2","2","0","0.5","true","1","0.8","0"
"234","5","4","6","5","4","2","2","2","2","0","0.5","true","0.333","0.19979999999999998","-0.334"
"237","5","4","9","5","4","2","2","2","2","0","0.5","true","0","-0.2666","-1"
"238","5","4","9","5","4","2","2","2","2","0","0.5","true","0.333","0.5996000000000001","-0.334"
"236","5","4","11","5","4","2","2","2","2","0","0.5","true","1","1.0666","0"
"239","5","4","6","5","4","2","2","2","2","0","0.5","true","-0.667","-0.7338","-1.334"
"240","5","4","12","5","4","2","2","2","2","0","0.5","true","-0.333","-0.3996","-1"
"241","5","4","5","5","4","2","2","2","2","0","0.5","true","-0.667","-0.8004","-1.334"
"243","5","4","8","5","4","2","2","2","2","0","0.5","true","0.333","0.1996","-0.334"
"242","5","4","10","5","4","2","2","2","2","0","0.5","true","0.333","0.19940000000000002","-0.334"
"244","5","4","8","5","4","2","2","2","2","0","0.5","true","-0.333","0.20060000000000006","-0.333"
"246","5","4","5","5","4","2","2","2","2","0","0.5","true","0.333","0.333","0"
"245","5","4","10","5","4","2","2","2","2","0","0.5","true","0.667","0.9336","0.667"
"247","5","4","9","5","4","2","2","2","2","0","0.5","true","0.333","0.333","-0.667"
"248","5","4","5","5","4","2","2","2","2","0","0.5","true","0.333","0.5998000000000001","0"
"251","5","4","7","5","4","2","2","2","2","0","0.5","true","-0.333","0.13380000000000009","-0.666"
"249","5","4","6","5","4","2","2","2","2","0","0.5","true","0","0","-0.667"
"250","5","4","6","5","4","2","2","2","2","0","0.5","true","0.333","0.46620000000000006","0.333"
"252","5","4","5","5","4","2","2","2","2","0","0.5","true","0","-0.2","-0.667"
"253","5","4","5","5","4","2","2","2","2","0","0.5","true","0.333","0.2664","0"
"254","5","4","7","5","4","2","2","2","2","0","0.5","true","-0.667","-0.5338","-1.334"
"255","5","4","7","5","4","2","2","2","2","0","0.5","true","0.333","0.1996","-0.334"
"256","5","4","4","5","4","2","2","2","2","0","0.5","true","0.667","0.267","0"
"258","5","4","5","5","4","2","2","2","2","0","0.5","true","0.667","0.467","0"
"257","5","4","13","5","4","2","2","2","2","0","0.5","true","0.667","0.46720000000000006","-0.33299999999999996"
"260","5","4","5","5","4","2","2","2","2","0","0.5","true","-1","-0.7334","-1"
"259","5","4","6","5","4","2","2","2","2","0","0.5","true","1","0.7334","0"
"261","5","4","9","5","4","2","2","2","2","0","0.5","true","-0.667","-0.9338000000000001","-1.667"
"262","5","4","14","5","4","2","2","2","2","0","0.5","true","-0.333","-0.13320000000000004","-1"
"263","5","4","8","5","4","2","2","2","2","0","0.5","false","0","0","0"
"265","5","4","6","5","4","2","2","2","2","0","0.5","true","-0.333","-0.5998000000000001","-1"
"264","5","4","7","5","4","2","2","2","2","0","0.5","true","0","-0.13360000000000002","-0.667"
"266","5","4","9","5","4","2","2","2","2","0","0.5","true","1","0.9332","0.33299999999999996"
"267","5","4","7","5","4","2","2","2","2","0","0.5","true","-0.333","-0.46640000000000004","-1"
"268","5","4","13","5","4","2","2","2","2","0","0.5","true","1","1.1998","0.33299999999999996"
"270","5","4","7","5","4","2","2","2","2","0","0.5","true","0","-0.13340000000000002","-0.667"
"269","5","4","6","5","4","2","2","2","2","0","0.5","true","0.333","0.533","0"
"271","5","4","5","5","4","2","2","2","2","0","0.5","true","0.333","0.333","-0.334"
"273","5","4","5","5","4","2","2","2","2","0","0.5","true","-0.667","-0.4672","-1.334"
"272","5","4","5","5","4","2","2","2","2","0","0.5","true","1","0.8668","0.667"
"274","5","4","6","5","4","2","2","2","2","0","0.5","true","-0.667","-0.8004","-1.667"
"275","5","4","8","5","4","2","2","2","2","0","0.5","true","-0.667","-0.8004","-1.334"
"276","5","4","7","5","4","2","2","2","2","0","0.5","true","-0.667","-0.4002","-1"
"277","5","4","7","5","4","2","2","2","2","0","0.5","true","-0.667","-0.20020000000000004","-0.667"
"279","5","4","8","5","4","2","2","2","2","0","0.5","true","0","0.0668","-0.667"
"280","5","4","4","5","4","2","2","2","2","0","0.5","true","-0.333","-0.1996","-1.333"
"278","5","4","6","5","4","2","2","2","2","0","0.5","true","0","0","-0.667"
"233","5","4","8","5","4","2","2","2","2","0","0.5","true","0","-0.13319999999999999","-1"
"281","5","4","6","5","4","2","2","2","2","0","0.5","true","0","0","-0.667"
"282","5","4","7","5","4","2","2","2","2","0","0.5","true","-0.667","-0.7336","-1"
"284","5","4","7","5","4","2","2","2","2","0","0.5","true","0.333","0.2664","0"
"283","5","4","9","5","4","2","2","2","2","0","0.5","true","0","0.20020000000000002","-0.333"
"285","5","4","7","5","4","2","2","2","2","0","0.5","true","0","0.0666","-0.333"
"288","5","4","6","5","4","2","2","2","2","0","0.5","true","0.667","0.3336","0"
"287","5","4","6","5","4","2","2","2","2","0","0.5","true","0","0.06659999999999999","-0.667"
"289","5","4","8","5","4","2","2","2","2","0","0.5","true","0.667","0.8004","0"
"290","5","4","5","5","4","2","2","2","2","0","0.5","true","-0.667","-0.267","-0.667"
"291","5","4","10","5","4","2","2","2","2","0","0.5","true","0.667","0.6004","0"
"292","5","4","7","5","4","2","2","2","2","0","0.5","true","0.667","0.467","0"
"294","5","4","7","5","4","2","2","2","2","0","0.5","true","0.667","0.667","0.334"
"293","5","4","7","5","4","2","2","2","2","0","0.5","true","0","0.4668","-0.333"
"295","5","4","8","5","4","2","2","2","2","0","0.5","true","-0.333","-0.5996","-1"
"298","5","4","6","5","4","2","2","2","2","0","0.5","true","1","0.7334","0"
"297","5","4","9","5","4","2","2","2","2","0","0.5","true","1","1.4668","0.667"
"296","5","4","8","5","4","2","2","2","2","0","0.5","true","0.667","0.867","-0.33299999999999996"
"299","5","4","7","5","4","2","2","2","2","0","0.5","true","0","-0.3332","-1"
"301","5","4","6","5","4","2","2","2","2","0","0.5","true","0","-0.0668","-1"
"300","5","4","8","5","4","2","2","2","2","0","0.5","true","0.667","0.7336","0.334"
"302","5","4","7","5","4","2","2","2","2","0","0.5","true","0.667","0.6006","0.334"
"303","5","4","8","5","4","2","2","2","2","0","0.5","true","-1","-1.0666","-1.333"
"304","5","4","9","5","4","2","2","2","2","0","0.5","true","1","1","0"
"305","5","4","8","5","4","2","2","2","2","0","0.5","true","0","-0.0664","-0.333"
"306","5","4","11","5","4","2","2","2","2","0","0.5","true","-0.333","-0.2664","-0.333"
"307","5","4","6","5","4","2","2","2","2","0","0.5","true","-0.333","0.20040000000000008","-0.666"
"309","5","4","7","5","4","2","2","2","2","0","0.5","true","-0.667","-0.467","-1"
"308","5","4","9","5","4","2","2","2","2","0","0.5","true","0","-0.2","-1"
"310","5","4","8","5","4","2","2","2","2","0","0.5","true","0","0.4666","0"
"311","5","4","7","5","4","2","2","2","2","0","0.5","true","0.667","0.5336000000000001","0"
"312","5","4","5","5","4","2","2","2","2","0","0.5","true","-0.333","4.0000000000001146E-4","-0.333"
"313","5","4","6","5","4","2","2","2","2","0","0.5","true","-0.333","-0.06639999999999996","-0.333"
"315","5","4","6","5","4","2","2","2","2","0","0.5","true","-0.333","-0.2664","-1"
"314","5","4","6","5","4","2","2","2","2","0","0.5","true","0.667","0.8004","0.334"
"316","5","4","7","5","4","2","2","2","2","0","0.5","true","0","0.33340000000000003","-0.333"
"319","5","4","6","5","4","2","2","2","2","0","0.5","true","0","-0.2","-0.667"
"318","5","4","6","5","4","2","2","2","2","0","0.5","true","0.333","0.1996","-0.667"
"317","5","4","8","5","4","2","2","2","2","0","0.5","true","-0.667","-0.3334","-1"
"286","5","4","7","5","4","2","2","2","2","0","0.5","true","-0.667","-0.6002000000000001","-1.334"
"322","5","4","6","5","4","2","2","2","2","0","0.5","true","0.667","0.267","0"
"320","5","4","7","5","4","2","2","2","2","0","0.5","true","0","0.1332","-0.333"
"323","5","4","6","5","4","2","2","2","2","0","0.5","true","-0.667","-0.667","-1.334"
"321","5","4","6","5","4","2","2","2","2","0","0.5","true","1","0.8668","0"
"327","5","4","5","5","4","2","2","2","2","0","0.5","true","-0.667","-0.4002","-1.334"
"325","5","4","5","5","4","2","2","2","2","0","0.5","true","0","-0.4666","-1"
"326","5","4","6","5","4","2","2","2","2","0","0.5","true","0.333","0.6662","0.333"
"328","5","4","10","5","4","2","2","2","2","0","0.5","true","0","-0.13340000000000002","-0.667"
"329","5","4","6","5","4","2","2","2","2","0","0.5","true","0","0.06659999999999999","-0.667"
"330","5","4","6","5","4","2","2","2","2","0","0.5","true","-0.667","-0.6004","-1.334"
"333","5","4","7","5","4","2","2","2","2","0","0.5","true","0","0.33340000000000003","-0.333"
"331","5","4","9","5","4","2","2","2","2","0","0.5","true","-0.667","-0.467","-0.667"
"332","5","4","10","5","4","2","2","2","2","0","0.5","true","-0.667","-1.0670000000000002","-1.334"
"334","5","4","5","5","4","2","2","2","2","0","0.5","true","-1","-0.5334","-1.333"
"336","5","4","7","5","4","2","2","2","2","0","0.5","true","0.667","0.7336","0"
"337","5","4","5","5","4","2","2","2","2","0","0.5","true","-0.333","4.0000000000001146E-4","-0.666"
"338","5","4","8","5","4","2","2","2","2","0","0.5","true","1","0.8666","0.33299999999999996"
"335","5","4","8","5","4","2","2","2","2","0","0.5","true","-0.333","-0.333","-1"
"340","5","4","4","5","4","2","2","2","2","0","0.5","true","-0.667","-0.33380000000000004","-1.334"
"343","5","4","6","5","4","2","2","2","2","0","0.5","true","0.333","0.133","-0.334"
"339","5","4","5","5","4","2","2","2","2","0","0.5","true","0","-0.06659999999999998","-0.667"
"341","5","4","9","5","4","2","2","2","2","0","0.5","true","0.333","0.3996","-0.334"
"342","5","4","11","5","4","2","2","2","2","0","0.5","true","0.333","0.5327999999999999","-0.334"
"347","5","4","5","5","4","2","2","2","2","0","0.5","true","0","-0.0666","-0.333"
"348","5","4","6","5","4","2","2","2","2","0","0.5","true","-0.333","-0.333","-0.666"
"345","5","4","7","5","4","2","2","2","2","0","0.5","true","1","0.9998","0.33299999999999996"
"346","5","4","5","5","4","2","2","2","2","0","0.5","true","0","0.26680000000000004","0"
"344","5","4","8","5","4","2","2","2","2","0","0.5","true","-0.333","-0.2664","-0.666"
"350","5","4","5","5","4","2","2","2","2","0","0.5","true","0.333","-0.06679999999999997","-0.667"
"351","5","4","7","5","4","2","2","2","2","0","0.5","true","-0.333","-0.46640000000000004","-1"
"349","5","4","6","5","4","2","2","2","2","0","0.5","true","-0.333","-0.4662","-1"
"352","5","4","6","5","4","2","2","2","2","0","0.5","true","-0.667","-0.40040000000000003","-1"
"353","5","4","10","5","4","2","2","2","2","0","0.5","true","1","1.0666","1"
"355","5","4","6","5","4","2","2","2","2","0","0.5","true","0.667","0.5338","0.334"
"356","5","4","6","5","4","2","2","2","2","0","0.5","true","0","0.4","0"
"357","5","4","6","5","4","2","2","2","2","0","0.5","true","-0.333","-0.133","-0.666"
"354","5","4","8","5","4","2","2","2","2","0","0.5","true","0.667","0.667","0.334"
"358","5","4","6","5","4","2","2","2","2","0","0.5","true","1","0.7998","0.33299999999999996"
"362","5","4","4","5","4","2","2","2","2","0","0.5","true","0.333","0.2664","0"
"361","5","4","8","5","4","2","2","2","2","0","0.5","true","-0.333","1.9999999999997797E-4","-0.333"
"360","5","4","5","5","4","2","2","2","2","0","0.5","true","0","0.0666","-0.333"
"359","5","4","5","5","4","2","2","2","2","0","0.5","true","-0.667","-0.40040000000000003","-1"
"363","5","4","6","5","4","2","2","2","2","0","0.5","true","0","2.2204460492503132E-17","-1"
"366","5","4","5","5","4","2","2","2","2","0","0.5","true","0.667","0.6668000000000001","0"
"364","5","4","4","5","4","2","2","2","2","0","0.5","true","1","0.6","0"
"365","5","4","7","5","4","2","2","2","2","0","0.5","true","0","0.2664","-0.667"
"367","5","4","9","5","4","2","2","2","2","0","0.5","true","0.333","0.333","-0.334"
"368","5","4","5","5","4","2","2","2","2","0","0.5","true","1","0.5334","0"
"370","5","4","5","5","4","2","2","2","2","0","0.5","true","0.667","0.5336000000000001","0"
"369","5","4","6","5","4","2","2","2","2","0","0.5","true","0","0.0666","0"
"371","5","4","8","5","4","2","2","2","2","0","0.5","true","-0.667","-0.5336000000000001","-1.334"
"373","5","4","8","5","4","2","2","2","2","0","0.5","true","0.333","0.46620000000000006","0.333"
"372","5","4","19","5","4","2","2","2","2","0","0.5","true","1","0.933","0.33299999999999996"
"375","5","4","5","5","4","2","2","2","2","0","0.5","true","-0.333","-0.2664","-0.666"
"376","5","4","6","5","4","2","2","2","2","0","0.5","true","0.333","0.333","-0.334"
"374","5","4","7","5","4","2","2","2","2","0","0.5","true","0.333","0.533","-0.334"
"377","5","4","7","5","4","2","2","2","2","0","0.5","true","0.333","-4.0000000000001146E-4","-0.667"
"324","5","4","6","5","4","2","2","2","2","0","0.5","true","0.333","0.533","0"
"378","5","4","7","5","4","2","2","2","2","0","0.5","true","-0.333","-0.1994","-0.666"
"382","5","4","6","5","4","2","2","2","2","0","0.5","true","-1","-0.7333999999999999","-1"
"380","5","4","6","5","4","2","2","2","2","0","0.5","true","0.333","0.6664000000000001","0"
"381","5","4","6","5","4","2","2","2","2","0","0.5","true","0.667","0.5336000000000001","0"
"379","5","4","11","5","4","2","2","2","2","0","0.5","true","-0.667","-0.6668000000000001","-1"
"384","5","4","7","5","4","2","2","2","2","0","0.5","true","0.333","0.333","-0.334"
"388","5","4","5","5","4","2","2","2","2","0","0.5","true","0.667","0.7336","-0.33299999999999996"
"386","5","4","5","5","4","2","2","2","2","0","0.5","true","1","0.7998","0.33299999999999996"
"385","5","4","5","5","4","2","2","2","2","0","0.5","true","1","0.9332","0.33299999999999996"
"387","5","4","6","5","4","2","2","2","2","0","0.5","true","0.333","0.3332","0"
"389","5","4","7","5","4","2","2","2","2","0","0.5","true","0.333","-0.2002000000000001","-0.667"
"393","5","4","4","5","4","2","2","2","2","0","0.5","true","0.667","0.33380000000000004","-0.33299999999999996"
"392","5","4","5","5","4","2","2","2","2","0","0.5","true","0","-0.1332","-0.667"
"390","5","4","6","5","4","2","2","2","2","0","0.5","true","0.333","0.46640000000000004","0"
"391","5","4","7","5","4","2","2","2","2","0","0.5","true","0","-0.2","-1"
"394","5","4","8","5","4","2","2","2","2","0","0.5","true","-0.333","-0.46640000000000004","-1.333"
"397","5","4","5","5","4","2","2","2","2","0","0.5","true","0.333","0.1996","-0.334"
"396","5","4","5","5","4","2","2","2","2","0","0.5","true","-0.333","-0.4666","-1"
"395","5","4","5","5","4","2","2","2","2","0","0.5","true","0.333","0.2666","0"
"398","5","4","5","5","4","2","2","2","2","0","0.5","true","-0.333","-0.06640000000000001","-1.333"
"399","5","4","5","5","4","2","2","2","2","0","0.5","true","0.667","0.4002","0"
"403","5","4","7","5","4","2","2","2","2","0","0.5","true","0.667","0.4002","0"
"402","5","4","6","5","4","2","2","2","2","0","0.5","true","-0.333","-0.06640000000000001","-0.333"
"400","5","4","7","5","4","2","2","2","2","0","0.5","true","1","1.3998","1"
"401","5","4","4","5","4","2","2","2","2","0","0.5","true","-0.333","2.0000000000003348E-4","-0.333"
"404","5","4","10","5","4","2","2","2","2","0","0.5","true","1","1","0"
"405","5","4","6","5","4","2","2","2","2","0","0.5","true","-0.333","-0.2664","-0.333"
"407","5","4","4","5","4","2","2","2","2","0","0.5","true","0.333","0.3332","0"
"406","5","4","7","5","4","2","2","2","2","0","0.5","true","-0.333","-0.533","-1"
"408","5","4","12","5","4","2","2","2","2","0","0.5","true","0.667","0.4672","0.334"
"409","5","4","7","5","4","2","2","2","2","0","0.5","true","0.667","0.467","0"
"412","5","4","5","5","4","2","2","2","2","0","0.5","true","0.667","0.3336","0"
"413","5","4","6","5","4","2","2","2","2","0","0.5","true","-0.333","-0.2664","-0.333"
"411","5","4","7","5","4","2","2","2","2","0","0.5","true","0.333","0.1328","-0.334"
"410","5","4","7","5","4","2","2","2","2","0","0.5","true","0.667","1.0672000000000001","0.667"
"414","5","4","8","5","4","2","2","2","2","0","0.5","true","0","1.1102230246251566E-17","-1"
"415","5","4","8","5","4","2","2","2","2","0","0.5","true","0","-0.06699999999999999","-0.667"
"419","5","4","4","5","4","2","2","2","2","0","0.5","true","0.333","0.3994","-0.334"
"418","5","4","6","5","4","2","2","2","2","0","0.5","true","1","0.6666","0"
"416","5","4","7","5","4","2","2","2","2","0","0.5","true","0.333","0.533","0.333"
"417","5","4","8","5","4","2","2","2","2","0","0.5","true","-0.333","-0.4666","-1"
"420","5","4","6","5","4","2","2","2","2","0","0.5","true","0","-0.26680000000000004","-0.667"
"423","5","4","9","5","4","2","2","2","2","0","0.5","true","-0.333","-0.1332","-1"
"421","5","4","7","5","4","2","2","2","2","0","0.5","true","1","0.8","0"
"424","5","4","8","5","4","2","2","2","2","0","0.5","true","0","0.0666","-0.333"
"422","5","4","10","5","4","2","2","2","2","0","0.5","true","0","-0.06659999999999999","-1"
"425","5","4","8","5","4","2","2","2","2","0","0.5","true","1","1.4","1"
"383","5","4","6","5","4","2","2","2","2","0","0.5","true","-0.667","-0.8004","-1.334"
"426","5","4","5","5","4","2","2","2","2","0","0.5","true","0.667","0.6002000000000001","0"
"427","5","4","6","5","4","2","2","2","2","0","0.5","true","1","1","0.667"
"428","5","4","8","5","4","2","2","2","2","0","0.5","true","-0.333","-0.133","-0.666"
"429","5","4","8","5","4","2","2","2","2","0","0.5","true","0.333","0.6662000000000001","-0.667"
"430","5","4","6","5","4","2","2","2","2","0","0.5","true","-0.333","-0.33320000000000005","-1"
"432","5","4","5","5","4","2","2","2","2","0","0.5","true","-0.667","-0.4002","-1"
"433","5","4","8","5","4","2","2","2","2","0","0.5","true","0.667","0.8004","0.334"
"434","5","4","8","5","4","2","2","2","2","0","0.5","true","0.667","0.4002","0"
"435","5","4","6","5","4","2","2","2","2","0","0.5","true","0.333","0.1998","0"
"437","5","4","6","5","4","2","2","2","2","0","0.5","true","-1","-0.4666","-1"
"436","5","4","9","5","4","2","2","2","2","0","0.5","true","0.333","0.5998000000000001","0"
"438","5","4","7","5","4","2","2","2","2","0","0.5","true","0.667","0.6004","0"
"439","5","4","7","5","4","2","2","2","2","0","0.5","true","-1","-1.0666","-1.333"
"440","5","4","5","5","4","2","2","2","2","0","0.5","true","-0.667","-0.8004","-1.334"
"441","5","4","8","5","4","2","2","2","2","0","0.5","true","0","-0.0668","-0.667"
"442","5","4","8","5","4","2","2","2","2","0","0.5","true","0.333","0.133","-0.667"
"443","5","4","5","5","4","2","2","2","2","0","0.5","true","1","0.6666","0"
"445","5","4","5","5","4","2","2","2","2","0","0.5","true","-0.333","0.067","-0.333"
"444","5","4","8","5","4","2","2","2","2","0","0.5","true","0.667","0.5336000000000001","-0.33299999999999996"
"448","5","4","6","5","4","2","2","2","2","0","0.5","true","0.333","0.3332","0"
"446","5","4","10","5","4","2","2","2","2","0","0.5","true","-0.667","-0.40040000000000003","-1.334"
"449","5","4","7","5","4","2","2","2","2","0","0.5","true","-1","-1.3334000000000001","-2"
"450","5","4","7","5","4","2","2","2","2","0","0.5","true","-0.333","4.0000000000001146E-4","-1"
"447","5","4","8","5","4","2","2","2","2","0","0.5","true","-0.667","-0.5336000000000001","-1"
"452","5","4","5","5","4","2","2","2","2","0","0.5","true","0","0.0666","-0.333"
"454","5","4","8","5","4","2","2","2","2","0","0.5","true","1","1.0666","0.33299999999999996"
"455","5","4","7","5","4","2","2","2","2","0","0.5","true","1","0.9334","0.667"
"451","5","4","7","5","4","2","2","2","2","0","0.5","true","-1","-1.4","-1.667"
"453","5","4","7","5","4","2","2","2","2","0","0.5","true","-1","-0.26639999999999997","-0.33299999999999996"
"457","5","4","5","5","4","2","2","2","2","0","0.5","true","0.667","0.9338000000000001","0.334"
"460","5","4","6","5","4","2","2","2","2","0","0.5","true","0.333","0.5998000000000001","0"
"456","5","4","6","5","4","2","2","2","2","0","0.5","true","0","0.26660000000000006","-0.333"
"459","5","4","8","5","4","2","2","2","2","0","0.5","true","0.333","0.533","0.333"
"458","5","4","7","5","4","2","2","2","2","0","0.5","true","0","0.06659999999999999","-0.667"
"462","5","4","6","5","4","2","2","2","2","0","0.5","true","0.333","0.4666","0"
"463","5","4","6","5","4","2","2","2","2","0","0.5","true","-0.667","-0.6004","-0.667"
"464","5","4","5","5","4","2","2","2","2","0","0.5","true","0.667","1.0002","0.334"
"461","5","4","6","5","4","2","2","2","2","0","0.5","true","0","0.13340000000000002","-0.667"
"465","5","4","8","5","4","2","2","2","2","0","0.5","true","-0.667","-0.867","-1.334"
"466","5","4","5","5","4","2","2","2","2","0","0.5","true","0.333","0.39980000000000004","-0.334"
"469","5","4","6","5","4","2","2","2","2","0","0.5","true","-0.333","-0.1998","-1"
"467","5","4","8","5","4","2","2","2","2","0","0.5","true","0","-0.33340000000000003","-1"
"470","5","4","7","5","4","2","2","2","2","0","0.5","true","-0.667","-0.5336000000000001","-1"
"468","5","4","8","5","4","2","2","2","2","0","0.5","true","0","0.26680000000000004","-0.333"
"471","5","4","7","5","4","2","2","2","2","0","0.5","true","-0.667","-0.5336000000000001","-1"
"472","5","4","8","5","4","2","2","2","2","0","0.5","true","-0.333","-0.46640000000000004","-1.333"
"475","5","4","5","5","4","2","2","2","2","0","0.5","true","0.667","0.467","-0.33299999999999996"
"474","5","4","8","5","4","2","2","2","2","0","0.5","true","0.333","-4.0000000000001146E-4","-0.667"
"473","5","4","13","5","4","2","2","2","2","0","0.5","true","1","1.2","0"
"431","5","4","6","5","4","2","2","2","2","0","0.5","true","0.333","0.06640000000000001","-0.667"
"480","5","4","5","5","4","2","2","2","2","0","0.5","true","0","0.06659999999999999","-0.667"
"479","5","4","7","5","4","2","2","2","2","0","0.5","true","-0.333","-0.133","-0.666"
"477","5","4","10","5","4","2","2","2","2","0","0.5","true","0.333","0.1328","-0.667"
"478","5","4","13","5","4","2","2","2","2","0","0.5","true","1","0.8666","0.33299999999999996"
"476","5","4","14","5","4","2","2","2","2","0","0.5","true","0.333","0.2664","-0.334"
"482","5","4","6","5","4","2","2","2","2","0","0.5","true","1","1.4","1"
"484","5","4","5","5","4","2","2","2","2","0","0.5","true","-0.333","-0.06640000000000001","-0.666"
"485","5","4","6","5","4","2","2","2","2","0","0.5","true","0.333","0.333","0"
"483","5","4","9","5","4","2","2","2","2","0","0.5","true","0.333","0.7330000000000001","0.333"
"486","5","4","9","5","4","2","2","2","2","0","0.5","true","0","-0.1332","-0.333"
"490","5","4","7","5","4","2","2","2","2","0","0.5","true","0","0.0668","-0.333"
"487","5","4","8","5","4","2","2","2","2","0","0.5","true","0.333","0.3996","-0.334"
"491","5","4","5","5","4","2","2","2","2","0","0.5","true","0.667","0.33380000000000004","-0.33299999999999996"
"488","5","4","5","5","4","2","2","2","2","0","0.5","true","0.333","0.19980000000000003","-0.667"
"489","5","4","8","5","4","2","2","2","2","0","0.5","true","1","0.7998","0.33299999999999996"
"493","5","4","6","5","4","2","2","2","2","0","0.5","true","1","0.9334","0.33299999999999996"
"494","5","4","7","5","4","2","2","2","2","0","0.5","true","0.333","0.333","0"
"492","5","4","5","5","4","2","2","2","2","0","0.5","true","0.333","0.1996","-0.334"
"495","5","4","7","5","4","2","2","2","2","0","0.5","true","0.333","0.5332","0"
"496","5","4","8","5","4","2","2","2","2","0","0.5","true","0.667","0.2668","0"
"498","5","4","5","5","4","2","2","2","2","0","0.5","true","-0.333","-0.133","-0.333"
"500","5","4","8","5","4","2","2","2","2","0","0.5","true","0","-0.33340000000000003","-0.667"
"499","5","4","5","5","4","2","2","2","2","0","0.5","true","0","0.0668","-0.333"
"501","5","4","9","5","4","2","2","2","2","0","0.5","true","-0.333","-0.06640000000000001","-1"
"497","5","4","6","5","4","2","2","2","2","0","0.5","true","0.333","0.3996","-0.667"
"503","5","4","5","5","4","2","2","2","2","0","0.5","true","0.667","0.467","-0.33299999999999996"
"505","5","4","7","5","4","2","2","2","2","0","0.5","true","0.667","0.9336","0"
"504","5","4","6","5","4","2","2","2","2","0","0.5","true","0.667","0.4002","-0.33299999999999996"
"502","5","4","6","5","4","2","2","2","2","0","0.5","true","-0.667","-0.3336","-1.334"
"506","5","4","5","5","4","2","2","2","2","0","0.5","true","-0.667","-0.667","-1.334"
"509","5","4","5","5","4","2","2","2","2","0","0.5","true","0","-0.0666","-0.333"
"510","5","4","8","5","4","2","2","2","2","0","0.5","true","-0.333","-0.1996","-1"
"507","5","4","5","5","4","2","2","2","2","0","0.5","true","0","0.13340000000000002","-0.333"
"508","5","4","6","5","4","2","2","2","2","0","0.5","true","0.667","0.467","-0.33299999999999996"
"511","5","4","7","5","4","2","2","2","2","0","0.5","true","0","-0.33340000000000003","-1"
"515","5","4","6","5","4","2","2","2","2","0","0.5","true","1","0.7333999999999999","0.33299999999999996"
"514","5","4","6","5","4","2","2","2","2","0","0.5","true","0","0.0666","-1"
"512","5","4","7","5","4","2","2","2","2","0","0.5","true","-0.333","-0.19940000000000002","-0.666"
"513","5","4","6","5","4","2","2","2","2","0","0.5","true","0.333","0.3332","0"
"516","5","4","6","5","4","2","2","2","2","0","0.5","true","0","0.0666","-0.333"
"481","5","4","12","5","4","2","2","2","2","0","0.5","true","0","0.20020000000000002","-1"
"518","5","4","6","5","4","2","2","2","2","0","0.5","true","1","0.9332","0.33299999999999996"
"519","5","4","7","5","4","2","2","2","2","0","0.5","true","0.333","-4.0000000000001146E-4","-0.667"
"517","5","4","5","5","4","2","2","2","2","0","0.5","true","0.333","0.7332000000000001","0"
"520","5","4","8","5","4","2","2","2","2","0","0.5","true","0","0.26680000000000004","-0.333"
"521","5","4","7","5","4","2","2","2","2","0","0.5","true","0","0.2","-1"
"526","5","4","6","5","4","2","2","2","2","0","0.5","true","0","0.26680000000000004","-0.333"
"525","5","4","10","5","4","2","2","2","2","0","0.5","true","-0.667","-0.4672","-0.667"
"523","5","4","7","5","4","2","2","2","2","0","0.5","true","0.667","0.5336000000000001","0"
"527","5","4","7","5","4","2","2","2","2","0","0.5","true","0.667","0.267","-0.33299999999999996"
"524","5","4","7","5","4","2","2","2","2","0","0.5","true","0","-0.33340000000000003","-1"
"528","5","4","5","5","4","2","2","2","2","0","0.5","true","0.667","0.6668000000000001","0"
"532","5","4","7","5","4","2","2","2","2","0","0.5","true","1","0.8668","0.667"
"529","5","4","7","5","4","2","2","2","2","0","0.5","true","0","1.9999999999997797E-4","-0.333"
"530","5","4","7","5","4","2","2","2","2","0","0.5","true","0.333","0.2662","-0.334"
"531","5","4","8","5","4","2","2","2","2","0","0.5","true","-0.333","-0.1998","-0.666"
"534","5","4","5","5","4","2","2","2","2","0","0.5","true","0.667","0.5338","0.334"
"533","5","4","6","5","4","2","2","2","2","0","0.5","true","0.667","0.4002","-0.33299999999999996"
"537","5","4","7","5","4","2","2","2","2","0","0.5","true","0","-1.1102230246251566E-17","-0.667"
"535","5","4","7","5","4","2","2","2","2","0","0.5","true","0","0","-0.667"
"536","5","4","9","5","4","2","2","2","2","0","0.5","true","0","-0.4666","-1"
"538","5","4","6","5","4","2","2","2","2","0","0.5","true","-1","-0.8668","-1"
"539","5","4","9","5","4","2","2","2","2","0","0.5","true","-0.333","-0.46640000000000004","-1"
"540","5","4","6","5","4","2","2","2","2","0","0.5","true","-0.333","-0.33320000000000005","-1.333"
"542","5","4","6","5","4","2","2","2","2","0","0.5","true","-0.333","-0.5328","-0.666"
"541","5","4","13","5","4","2","2","2","2","0","0.5","true","1","1.2668","0.667"
"543","5","4","6","5","4","2","2","2","2","0","0.5","true","-0.333","-0.06619999999999998","-0.666"
"545","5","4","6","5","4","2","2","2","2","0","0.5","true","-0.333","-0.133","-0.333"
"544","5","4","8","5","4","2","2","2","2","0","0.5","true","0.333","0.46640000000000004","0"
"546","5","4","7","5","4","2","2","2","2","0","0.5","true","1","0.8002","0.667"
"547","5","4","8","5","4","2","2","2","2","0","0.5","true","0","-0.19979999999999998","-1"
"548","5","4","5","5","4","2","2","2","2","0","0.5","true","0","0.5336000000000001","0"
"549","5","4","6","5","4","2","2","2","2","0","0.5","true","-0.333","-0.33280000000000004","-0.666"
"550","5","4","6","5","4","2","2","2","2","0","0.5","true","1","0.5332","0"
"552","5","4","6","5","4","2","2","2","2","0","0.5","true","0.333","0.5328","-0.334"
"551","5","4","17","5","4","2","2","2","2","0","0.5","true","0.333","0.33320000000000005","-0.667"
"553","5","4","5","5","4","2","2","2","2","0","0.5","true","0.333","0.2664","0"
"554","5","4","7","5","4","2","2","2","2","0","0.5","true","0.333","-0.067","-0.667"
"555","5","4","16","5","4","2","2","2","2","0","0.5","true","-0.667","-0.5338","-1.334"
"557","5","4","6","5","4","2","2","2","2","0","0.5","true","1","1.2002","0.33299999999999996"
"556","5","4","14","5","4","2","2","2","2","0","0.5","true","0.667","0.7338","0.334"
"559","5","4","9","5","4","2","2","2","2","0","0.5","true","1","1.2666","1"
"558","5","4","7","5","4","2","2","2","2","0","0.5","true","-0.333","-0.2662","-0.666"
"560","5","4","4","5","4","2","2","2","2","0","0.5","true","0.333","0.133","-0.334"
"562","5","4","7","5","4","2","2","2","2","0","0.5","true","-0.333","-0.39980000000000004","-1"
"561","5","4","9","5","4","2","2","2","2","0","0.5","true","1","1.3334000000000001","1"
"565","5","4","5","5","4","2","2","2","2","0","0.5","true","-0.333","-0.333","-1"
"563","5","4","5","5","4","2","2","2","2","0","0.5","true","-0.333","1.9999999999997797E-4","-0.333"
"564","5","4","6","5","4","2","2","2","2","0","0.5","true","0","-0.13340000000000002","-0.667"
"567","5","4","8","5","4","2","2","2","2","0","0.5","true","0.333","0.333","-0.334"
"566","5","4","10","5","4","2","2","2","2","0","0.5","true","0.667","0.7336","0.667"
"568","5","4","7","5","4","2","2","2","2","0","0.5","true","0.667","0.667","0"
"569","5","4","9","5","4","2","2","2","2","0","0.5","true","0.667","0.6672","0.334"
"570","5","4","9","5","4","2","2","2","2","0","0.5","true","0.333","0.1998","-0.334"
"572","5","4","5","5","4","2","2","2","2","0","0.5","true","-0.333","-0.5332","-1"
"571","5","4","7","5","4","2","2","2","2","0","0.5","true","0.667","0.667","-0.33299999999999996"
"573","5","4","9","5","4","2","2","2","2","0","0.5","true","0","-2.0000000000000017E-4","-0.667"
"574","5","4","6","5","4","2","2","2","2","0","0.5","true","1","0.6","0.33299999999999996"
"575","5","4","9","5","4","2","2","2","2","0","0.5","true","0.333","0.133","-0.334"
"522","5","4","7","5","4","2","2","2","2","0","0.5","true","0.667","0.40040000000000003","0"
"577","5","4","8","5","4","2","2","2","2","0","0.5","true","-0.333","-0.1996","-0.666"
"576","5","4","11","5","4","2","2","2","2","0","0.5","true","0.667","1.0004","0.667"
"578","5","4","6","5","4","2","2","2","2","0","0.5","true","0","0.2666","0"
"579","5","4","8","5","4","2","2","2","2","0","0.5","true","0.333","0.6666000000000001","0"
"580","5","4","7","5","4","2","2","2","2","0","0.5","true","-0.667","-0.467","-1"
"582","5","4","6","5","4","2","2","2","2","0","0.5","true","0","-0.2","-0.667"
"583","5","4","8","5","4","2","2","2","2","0","0.5","true","0.333","0.39980000000000004","0"
"584","5","4","5","5","4","2","2","2","2","0","0.5","true","-1","-0.9332","-1.667"
"586","5","4","6","5","4","2","2","2","2","0","0.5","true","0.333","0.133","-0.667"
"585","5","4","9","5","4","2","2","2","2","0","0.5","true","1","0.7332000000000001","0"
"589","5","4","5","5","4","2","2","2","2","0","0.5","true","1","1.0668","0.667"
"588","5","4","6","5","4","2","2","2","2","0","0.5","true","-0.667","-0.467","-1"
"587","5","4","8","5","4","2","2","2","2","0","0.5","true","1","1.2668","0.667"
"591","5","4","5","5","4","2","2","2","2","0","0.5","true","0.333","0.46640000000000004","0"
"590","5","4","7","5","4","2","2","2","2","0","0.5","true","0.667","0.667","0.334"
"592","5","4","10","5","4","2","2","2","2","0","0.5","true","0","0.0668","-0.333"
"594","5","4","9","5","4","2","2","2","2","0","0.5","true","1","1.0002","0.667"
"593","5","4","13","5","4","2","2","2","2","0","0.5","true","1","0.8668","0.667"
"596","5","4","6","5","4","2","2","2","2","0","0.5","true","0","-0.0668","-0.667"
"595","5","4","7","5","4","2","2","2","2","0","0.5","true","0","-0.26660000000000006","-0.667"
"599","5","4","6","5","4","2","2","2","2","0","0.5","true","0.333","0.33280000000000004","-0.334"
"598","5","4","6","5","4","2","2","2","2","0","0.5","true","0","0.2","-0.333"
"600","5","4","6","5","4","2","2","2","2","0","0.5","true","0.333","0.1996","-0.334"
"597","5","4","8","5","4","2","2","2","2","0","0.5","true","-0.333","0.067","-1"
"601","5","4","9","5","4","2","2","2","2","0","0.5","true","-0.333","-0.2662","-0.666"
"602","5","4","5","5","4","2","2","2","2","0","0.5","true","0","0.2","-0.333"
"603","5","4","6","5","4","2","2","2","2","0","0.5","true","-1","-0.6666","-1.333"
"604","5","4","7","5","4","2","2","2","2","0","0.5","true","-0.333","-0.2664","-0.666"
"605","5","4","4","5","4","2","2","2","2","0","0.5","true","0.667","0.3336","-0.33299999999999996"
"606","5","4","8","5","4","2","2","2","2","0","0.5","true","-0.333","-0.5998000000000001","-1"
"611","5","4","5","5","4","2","2","2","2","0","0.5","true","0","-0.2","-0.667"
"609","5","4","6","5","4","2","2","2","2","0","0.5","true","0","-0.0668","-0.667"
"607","5","4","5","5","4","2","2","2","2","0","0.5","true","-0.333","-0.13299999999999998","-0.666"
"608","5","4","6","5","4","2","2","2","2","0","0.5","true","-0.333","-0.2664","-0.666"
"610","5","4","8","5","4","2","2","2","2","0","0.5","true","-0.667","-0.7338","-1.667"
"614","5","4","6","5","4","2","2","2","2","0","0.5","true","-0.667","-0.6004","-1.667"
"613","5","4","5","5","4","2","2","2","2","0","0.5","true","0.667","0.9338000000000001","0.667"
"612","5","4","6","5","4","2","2","2","2","0","0.5","true","0","0.06680000000000001","-1"
"615","5","4","8","5","4","2","2","2","2","0","0.5","true","0.667","0.6002000000000001","-0.33299999999999996"
"616","5","4","8","5","4","2","2","2","2","0","0.5","true","-0.667","-0.4672","-0.667"
"621","5","4","5","5","4","2","2","2","2","0","0.5","true","0.333","-0.1336","-0.667"
"618","5","4","6","5","4","2","2","2","2","0","0.5","true","0","0.2","-0.667"
"617","5","4","6","5","4","2","2","2","2","0","0.5","true","0.667","0.5338","-0.33299999999999996"
"620","5","4","5","5","4","2","2","2","2","0","0.5","true","0.667","0.3336","-0.33299999999999996"
"619","5","4","6","5","4","2","2","2","2","0","0.5","true","0.333","0.06619999999999998","-0.334"
"581","5","4","7","5","4","2","2","2","2","0","0.5","true","1","0.9334","0.667"
"623","5","4","5","5","4","2","2","2","2","0","0.5","true","0.667","0.9336","0.667"
"625","5","4","5","5","4","2","2","2","2","0","0.5","true","0.667","0.4668","-0.33299999999999996"
"626","5","4","6","5","4","2","2","2","2","0","0.5","true","0.333","-4.0000000000001146E-4","-0.334"
"622","5","4","5","5","4","2","2","2","2","0","0.5","true","-0.333","-0.133","-1"
"624","5","4","6","5","4","2","2","2","2","0","0.5","true","0","0.26680000000000004","-0.667"
"629","5","4","5","5","4","2","2","2","2","0","0.5","true","-1","-0.7332","-1.333"
"632","5","4","7","5","4","2","2","2","2","0","0.5","true","-1","-0.533","-1.333"
"631","5","4","9","5","4","2","2","2","2","0","0.5","true","-0.333","-0.46640000000000004","-1"
"630","5","4","6","5","4","2","2","2","2","0","0.5","true","0.333","0.46640000000000004","-0.334"
"628","5","4","8","5","4","2","2","2","2","0","0.5","true","0.333","0.1996","-0.334"
"635","5","4","7","5","4","2","2","2","2","0","0.5","true","0.667","0.8004","0.334"
"636","5","4","7","5","4","2","2","2","2","0","0.5","true","0","1.1102230246251566E-17","-1"
"637","5","4","7","5","4","2","2","2","2","0","0.5","true","0.333","0.2666","0"
"633","5","4","7","5","4","2","2","2","2","0","0.5","true","1","1.0668","0.667"
"634","5","4","14","5","4","2","2","2","2","0","0.5","true","-0.333","4.0000000000001146E-4","-1"
"638","5","4","8","5","4","2","2","2","2","0","0.5","true","-0.333","-0.5996","-1.333"
"639","5","4","6","5","4","2","2","2","2","0","0.5","true","0.667","0.6004","0"
"641","5","4","7","5","4","2","2","2","2","0","0.5","true","0","-0.06680000000000001","-1"
"640","5","4","7","5","4","2","2","2","2","0","0.5","true","-0.667","-0.4668","-1.334"
"642","5","4","11","5","4","2","2","2","2","0","0.5","true","0.333","0.5996","0.333"
"645","5","4","6","5","4","2","2","2","2","0","0.5","true","-0.667","-0.06700000000000006","-0.667"
"646","5","4","6","5","4","2","2","2","2","0","0.5","true","0.333","0.33320000000000005","-0.667"
"643","5","4","7","5","4","2","2","2","2","0","0.5","true","0.333","0.333","-0.334"
"644","5","4","8","5","4","2","2","2","2","0","0.5","true","1","0.9334","0.33299999999999996"
"647","5","4","10","5","4","2","2","2","2","0","0.5","true","-0.333","0.06720000000000004","-0.666"
"648","5","4","6","5","4","2","2","2","2","0","0.5","true","-0.667","-0.5336000000000001","-1.334"
"650","5","4","5","5","4","2","2","2","2","0","0.5","true","0.333","0.3996","-0.667"
"649","5","4","5","5","4","2","2","2","2","0","0.5","true","-0.333","-0.533","-1.333"
"651","5","4","5","5","4","2","2","2","2","0","0.5","true","-0.333","-0.06619999999999998","-0.666"
"652","5","4","10","5","4","2","2","2","2","0","0.5","true","0.333","0.1994","-0.334"
"653","5","4","5","5","4","2","2","2","2","0","0.5","true","1","0.9332","0.33299999999999996"
"654","5","4","7","5","4","2","2","2","2","0","0.5","true","1","0.7334","0"
"656","5","4","7","5","4","2","2","2","2","0","0.5","true","0","0.19980000000000003","0"
"657","5","4","8","5","4","2","2","2","2","0","0.5","true","0.333","-5.999999999999894E-4","-0.667"
"655","5","4","8","5","4","2","2","2","2","0","0.5","true","1","0.8668","0.33299999999999996"
"660","5","4","7","5","4","2","2","2","2","0","0.5","true","0","-0.26680000000000004","-1"
"661","5","4","7","5","4","2","2","2","2","0","0.5","true","0.333","0.4662","-0.334"
"658","5","4","8","5","4","2","2","2","2","0","0.5","true","0","1.1102230246251566E-17","-1"
"659","5","4","7","5","4","2","2","2","2","0","0.5","true","0","0.13340000000000002","-0.333"
"662","5","4","7","5","4","2","2","2","2","0","0.5","true","-0.333","-0.6662","-1"
"664","5","4","4","5","4","2","2","2","2","0","0.5","true","0.333","0.333","0"
"665","5","4","5","5","4","2","2","2","2","0","0.5","true","0","1.1102230246251566E-17","-1"
"666","5","4","4","5","4","2","2","2","2","0","0.5","true","0","2.0000000000000017E-4","-0.333"
"667","5","4","7","5","4","2","2","2","2","0","0.5","true","1","0.4667999999999999","0"
"663","5","4","9","5","4","2","2","2","2","0","0.5","true","0.333","0.06619999999999998","-0.667"
"668","5","4","5","5","4","2","2","2","2","0","0.5","true","-0.333","-0.533","-1"
"669","5","4","7","5","4","2","2","2","2","0","0.5","true","0","0.0666","-1"
"671","5","4","6","5","4","2","2","2","2","0","0.5","true","0.667","0.46720000000000006","-0.33299999999999996"
"670","5","4","6","5","4","2","2","2","2","0","0.5","true","0.333","0.533","0"
"672","5","4","9","5","4","2","2","2","2","0","0.5","true","1","1.2668","0.667"
"673","5","4","5","5","4","2","2","2","2","0","0.5","true","1","0.9334","0.33299999999999996"
"674","5","4","5","5","4","2","2","2","2","0","0.5","true","-0.333","-0.1998","-0.333"
"627","5","4","7","5","4","2","2","2","2","0","0.5","true","-0.333","-0.5332","-1.333"
"676","5","4","8","5","4","2","2","2","2","0","0.5","true","1","1.0002","0.33299999999999996"
"675","5","4","6","5","4","2","2","2","2","0","0.5","true","0.333","0.46640000000000004","-0.667"
"677","5","4","7","5","4","2","2","2","2","0","0.5","true","0.667","0.8002","0.334"
"678","5","4","5","5","4","2","2","2","2","0","0.5","true","0","-0.0668","-0.667"
"679","5","4","7","5","4","2","2","2","2","0","0.5","true","-1","-0.8666","-1.333"
"682","5","4","7","5","4","2","2","2","2","0","0.5","true","-0.667","-0.7336","-1.334"
"683","5","4","8","5","4","2","2","2","2","0","0.5","true","0","0.1332","-0.667"
"681","5","4","9","5","4","2","2","2","2","0","0.5","true","0","1.9999999999998909E-4","-0.333"
"684","5","4","5","5","4","2","2","2","2","0","0.5","true","0","0.3336","-0.333"
"685","5","4","6","5","4","2","2","2","2","0","0.5","true","1","0.6","0.33299999999999996"
"687","5","4","7","5","4","2","2","2","2","0","0.5","true","0.333","-0.26719999999999994","-0.667"
"688","5","4","7","5","4","2","2","2","2","0","0.5","true","1","1.0668","0.667"
"686","5","4","9","5","4","2","2","2","2","0","0.5","true","0","-0.26660000000000006","-0.667"
"689","5","4","7","5","4","2","2","2","2","0","0.5","true","0.667","0.467","0"
"690","5","4","5","5","4","2","2","2","2","0","0.5","true","0.667","0.8002","0.334"
"691","5","4","11","5","4","2","2","2","2","0","0.5","true","-0.333","-0.46640000000000004","-1"
"693","5","4","5","5","4","2","2","2","2","0","0.5","true","0.333","0.1996","-0.667"
"692","5","4","9","5","4","2","2","2","2","0","0.5","true","-0.333","-0.1328","-0.666"
"695","5","4","6","5","4","2","2","2","2","0","0.5","true","1","0.9334","0.667"
"694","5","4","6","5","4","2","2","2","2","0","0.5","true","0.667","0.5336000000000001","-0.33299999999999996"
"696","5","4","5","5","4","2","2","2","2","0","0.5","true","-0.333","-0.46620000000000006","-0.666"
"697","5","4","7","5","4","2","2","2","2","0","0.5","true","-0.333","-0.6662","-1.333"
"699","5","4","8","5","4","2","2","2","2","0","0.5","true","-0.667","-0.40040000000000003","-0.667"
"698","5","4","7","5","4","2","2","2","2","0","0.5","true","0","0","-0.333"
"700","5","4","7","5","4","2","2","2","2","0","0.5","true","-0.667","-0.3336","-0.667"
"701","5","4","6","5","4","2","2","2","2","0","0.5","true","-0.333","-0.1328","-0.666"
"702","5","4","7","5","4","2","2","2","2","0","0.5","true","1","0.9332","0.33299999999999996"
"704","5","4","6","5","4","2","2","2","2","0","0.5","true","0.333","-1.9999999999997797E-4","-0.667"
"703","5","4","7","5","4","2","2","2","2","0","0.5","true","0.333","0.46640000000000004","0"
"705","5","4","8","5","4","2","2","2","2","0","0.5","true","0.333","0.533","0.333"
"707","5","4","7","5","4","2","2","2","2","0","0.5","true","0.667","0.4672","0.334"
"706","5","4","7","5","4","2","2","2","2","0","0.5","true","0.333","0.1998","0"
"710","5","4","7","5","4","2","2","2","2","0","0.5","true","0","-0.19980000000000003","-0.333"
"709","5","4","12","5","4","2","2","2","2","0","0.5","true","-0.667","-1.267","-1.667"
"708","5","4","11","5","4","2","2","2","2","0","0.5","true","-1","-1.1998","-2"
"712","5","4","7","5","4","2","2","2","2","0","0.5","true","1","1.0668","0.667"
"711","5","4","8","5","4","2","2","2","2","0","0.5","true","0","0.13340000000000002","-0.333"
"714","5","4","6","5","4","2","2","2","2","0","0.5","true","0.333","0.6666000000000001","0"
"713","5","4","6","5","4","2","2","2","2","0","0.5","true","0","-0.2666","-0.667"
"715","5","4","4","5","4","2","2","2","2","0","0.5","true","0","-0.0668","-0.667"
"716","5","4","9","5","4","2","2","2","2","0","0.5","true","-0.333","-0.06640000000000001","-0.666"
"718","5","4","7","5","4","2","2","2","2","0","0.5","true","0","-0.13340000000000002","-1"
"719","5","4","5","5","4","2","2","2","2","0","0.5","true","-0.667","-0.4002","-1"
"717","5","4","7","5","4","2","2","2","2","0","0.5","true","0.333","0.533","0"
"720","5","4","6","5","4","2","2","2","2","0","0.5","true","-0.667","-0.667","-1.334"
"721","5","4","7","5","4","2","2","2","2","0","0.5","true","-0.667","-0.8002","-1.667"
"725","5","4","5","5","4","2","2","2","2","0","0.5","true","-0.667","-0.26720000000000005","-0.667"
"722","5","4","6","5","4","2","2","2","2","0","0.5","true","-0.667","-0.4004","-1.334"
"723","5","4","9","5","4","2","2","2","2","0","0.5","true","1","0.8","0.33299999999999996"
"724","5","4","8","5","4","2","2","2","2","0","0.5","true","0.333","0.39980000000000004","0"
"680","5","4","5","5","4","2","2","2","2","0","0.5","true","-0.333","-0.7998000000000001","-1"
"726","5","4","5","5","4","2","2","2","2","0","0.5","true","0","-0.33340000000000003","-1"
"728","5","4","7","5","4","2","2","2","2","0","0.5","true","-0.667","-0.20040000000000002","-0.334"
"727","5","4","6","5","4","2","2","2","2","0","0.5","true","1","0.7998","0"
"729","5","4","6","5","4","2","2","2","2","0","0.5","true","0","-2.0000000000000017E-4","-0.667"
"730","5","4","10","5","4","2","2","2","2","0","0.5","true","1","0.6002000000000001","0.33299999999999996"
"733","5","4","5","5","4","2","2","2","2","0","0.5","true","0.667","0.6004","-0.33299999999999996"
"735","5","4","6","5","4","2","2","2","2","0","0.5","true","0","0.4","0"
"734","5","4","7","5","4","2","2","2","2","0","0.5","true","0.667","0.8002","0.334"
"736","5","4","5","5","4","2","2","2","2","0","0.5","true","0.333","0.533","-0.334"
"732","5","4","9","5","4","2","2","2","2","0","0.5","true","-0.667","-0.40040000000000003","-1.334"
"740","5","4","5","5","4","2","2","2","2","0","0.5","true","0","-0.06659999999999999","-0.667"
"741","5","4","8","5","4","2","2","2","2","0","0.5","true","0.667","0.9336","0"
"737","5","4","7","5","4","2","2","2","2","0","0.5","true","-0.333","-0.19940000000000002","-0.666"
"739","5","4","11","5","4","2","2","2","2","0","0.5","true","0.667","0.467","0"
"738","5","4","9","5","4","2","2","2","2","0","0.5","true","0.667","0.867","0.334"
"742","5","4","6","5","4","2","2","2","2","0","0.5","true","-0.667","-0.9336000000000001","-1.334"
"743","5","4","9","5","4","2","2","2","2","0","0.5","true","0.333","0.2666","0"
"746","5","4","5","5","4","2","2","2","2","0","0.5","true","0.333","0.333","-0.334"
"744","5","4","9","5","4","2","2","2","2","0","0.5","true","1","1.3334000000000001","0.667"
"745","5","4","10","5","4","2","2","2","2","0","0.5","true","-1","-1","-1.667"
"749","5","4","6","5","4","2","2","2","2","0","0.5","true","0","0.26660000000000006","-0.667"
"750","5","4","6","5","4","2","2","2","2","0","0.5","true","1","0.8666","0"
"751","5","4","7","5","4","2","2","2","2","0","0.5","true","0.333","-2.0000000000003348E-4","-0.334"
"747","5","4","6","5","4","2","2","2","2","0","0.5","true","0.333","0.533","0"
"748","5","4","5","5","4","2","2","2","2","0","0.5","true","1","1","0.667"
"753","5","4","5","5","4","2","2","2","2","0","0.5","true","0","-0.06659999999999999","-1"
"756","5","4","6","5","4","2","2","2","2","0","0.5","true","0","-0.0664","-0.333"
"755","5","4","9","5","4","2","2","2","2","0","0.5","true","1","1.4668","0.667"
"754","5","4","8","5","4","2","2","2","2","0","0.5","true","-0.667","-0.13359999999999994","-0.667"
"752","5","4","8","5","4","2","2","2","2","0","0.5","true","0.333","0.333","-0.334"
"760","5","4","6","5","4","2","2","2","2","0","0.5","true","0","-0.3332","-0.667"
"759","5","4","6","5","4","2","2","2","2","0","0.5","true","-0.333","-0.06640000000000001","-1"
"761","5","4","7","5","4","2","2","2","2","0","0.5","true","0.333","0.7994","0.666"
"758","5","4","6","5","4","2","2","2","2","0","0.5","true","0.667","0.5338","0.334"
"757","5","4","11","5","4","2","2","2","2","0","0.5","true","0.333","0.333","-0.667"
"765","5","4","5","5","4","2","2","2","2","0","0.5","true","-0.333","-0.3996","-1.333"
"764","5","4","5","5","4","2","2","2","2","0","0.5","true","-0.667","-0.7336","-1.334"
"766","5","4","6","5","4","2","2","2","2","0","0.5","true","0","0.13319999999999999","-0.667"
"762","5","4","6","5","4","2","2","2","2","0","0.5","true","0.667","0.2668","0"
"763","5","4","5","5","4","2","2","2","2","0","0.5","true","0.333","0.46640000000000004","0"
"768","5","4","4","5","4","2","2","2","2","0","0.5","true","0","0.0666","0"
"771","5","4","6","5","4","2","2","2","2","0","0.5","true","-0.333","-0.1996","-0.666"
"769","5","4","6","5","4","2","2","2","2","0","0.5","true","0","0","-0.333"
"770","5","4","7","5","4","2","2","2","2","0","0.5","true","-0.333","-0.2664","-1"
"772","5","4","6","5","4","2","2","2","2","0","0.5","true","0.333","0.06619999999999998","-0.667"
"775","5","4","6","5","4","2","2","2","2","0","0.5","true","-0.333","-0.39960000000000007","-0.666"
"773","5","4","8","5","4","2","2","2","2","0","0.5","true","-1","-0.6","-1.333"
"774","5","4","6","5","4","2","2","2","2","0","0.5","true","-0.333","-0.06640000000000001","-1"
"731","5","4","7","5","4","2","2","2","2","0","0.5","true","-0.667","-0.20020000000000004","-0.667"
"776","5","4","6","5","4","2","2","2","2","0","0.5","true","-0.333","0.06719999999999998","-0.666"
"777","5","4","8","5","4","2","2","2","2","0","0.5","true","0.667","0.6672","0.334"
"779","5","4","9","5","4","2","2","2","2","0","0.5","true","-0.667","-0.8004","-1.334"
"778","5","4","12","5","4","2","2","2","2","0","0.5","true","1","0.8666","0"
"782","5","4","7","5","4","2","2","2","2","0","0.5","true","0.333","0.2662","-0.334"
"781","5","4","10","5","4","2","2","2","2","0","0.5","true","0.667","0.7336","-0.33299999999999996"
"784","5","4","6","5","4","2","2","2","2","0","0.5","true","0.333","0.46620000000000006","0"
"783","5","4","9","5","4","2","2","2","2","0","0.5","true","0.333","0.06619999999999998","-0.334"
"786","5","4","6","5","4","2","2","2","2","0","0.5","true","0","-0.0668","-1"
"785","5","4","10","5","4","2","2","2","2","0","0.5","true","0","0.13340000000000002","-0.333"
"787","5","4","7","5","4","2","2","2","2","0","0.5","true","-0.667","-1.0004","-1.667"
"788","5","4","7","5","4","2","2","2","2","0","0.5","true","0","-0.2","-1"
"792","5","4","6","5","4","2","2","2","2","0","0.5","true","0.667","0.8002","0.334"
"791","5","4","7","5","4","2","2","2","2","0","0.5","true","-0.333","-0.6666000000000001","-1.333"
"790","5","4","7","5","4","2","2","2","2","0","0.5","true","0.667","0.40040000000000003","-0.33299999999999996"
"789","5","4","6","5","4","2","2","2","2","0","0.5","true","-0.333","-0.333","-1"
"796","5","4","7","5","4","2","2","2","2","0","0.5","true","0.667","0.6006","0.334"
"793","5","4","8","5","4","2","2","2","2","0","0.5","true","0.667","0.6002000000000001","0"
"794","5","4","7","5","4","2","2","2","2","0","0.5","true","-0.333","-0.133","-0.666"
"795","5","4","9","5","4","2","2","2","2","0","0.5","true","1","1","0.667"
"799","5","4","5","5","4","2","2","2","2","0","0.5","true","0.667","0.3336","-0.33299999999999996"
"798","5","4","6","5","4","2","2","2","2","0","0.5","true","0.667","0.5336000000000001","0"
"800","5","4","5","5","4","2","2","2","2","0","0.5","true","-0.667","-0.40040000000000003","-1.334"
"797","5","4","9","5","4","2","2","2","2","0","0.5","true","0.667","1.0002","0.667"
"801","5","4","6","5","4","2","2","2","2","0","0.5","true","0","0.06639999999999999","-0.667"
"802","5","4","5","5","4","2","2","2","2","0","0.5","true","0","-0.13340000000000002","-0.667"
"803","5","4","7","5","4","2","2","2","2","0","0.5","true","-0.333","-0.333","-1.333"
"804","5","4","13","5","4","2","2","2","2","0","0.5","true","1","1.2002","0"
"767","5","4","8","5","4","2","2","2","2","0","0.5","true","0.333","0.2662","-0.334"
"806","5","4","7","5","4","2","2","2","2","0","0.5","true","0.667","0.20040000000000002","0"
"808","5","4","8","5","4","2","2","2","2","0","0.5","true","-0.333","-0.3996","-0.666"
"805","5","4","13","5","4","2","2","2","2","0","0.5","true","-0.667","-1.1336","-1.667"
"807","5","4","10","5","4","2","2","2","2","0","0.5","true","-0.667","-0.7338","-1.334"
"780","5","4","8","5","4","2","2","2","2","0","0.5","true","0.333","0.1994","-0.334"
"812","5","4","8","5","4","2","2","2","2","0","0.5","true","0.667","0.4002","0"
"809","5","4","5","5","4","2","2","2","2","0","0.5","true","0","0","-0.667"
"811","5","4","9","5","4","2","2","2","2","0","0.5","true","-1","-0.9332","-2"
"810","5","4","8","5","4","2","2","2","2","0","0.5","true","0.333","0.3996","-0.334"
"813","5","4","9","5","4","2","2","2","2","0","0.5","true","0.333","0.2664","0"
"818","5","4","7","5","4","2","2","2","2","0","0.5","true","-0.333","-0.2664","-0.333"
"815","5","4","5","5","4","2","2","2","2","0","0.5","true","0","-0.13319999999999999","-1"
"819","5","4","6","5","4","2","2","2","2","0","0.5","true","-0.333","-0.133","-1"
"817","5","4","9","5","4","2","2","2","2","0","0.5","true","1","1.2668","0.667"
"816","5","4","6","5","4","2","2","2","2","0","0.5","true","-1","-0.7332","-1.333"
"822","5","4","7","5","4","2","2","2","2","0","0.5","true","0","0.33340000000000003","-0.333"
"824","5","4","6","5","4","2","2","2","2","0","0.5","true","0.333","0.5328","0.333"
"823","5","4","9","5","4","2","2","2","2","0","0.5","true","0.667","0.6002000000000001","0"
"821","5","4","5","5","4","2","2","2","2","0","0.5","true","0","0.06659999999999999","-1"
"820","5","4","10","5","4","2","2","2","2","0","0.5","true","1","1.2","0.667"
"827","5","4","6","5","4","2","2","2","2","0","0.5","true","0.333","0.2664","0"
"825","5","4","6","5","4","2","2","2","2","0","0.5","true","0","0","-0.667"
"826","5","4","8","5","4","2","2","2","2","0","0.5","true","0.667","1.0004","0.667"
"828","5","4","8","5","4","2","2","2","2","0","0.5","true","-0.667","-0.7336","-1"
"829","5","4","6","5","4","2","2","2","2","0","0.5","true","0","0.06659999999999999","-0.667"
"834","5","4","4","5","4","2","2","2","2","0","0.5","true","0","0.0668","-0.333"
"831","5","4","7","5","4","2","2","2","2","0","0.5","true","0.667","0.5338","0"
"833","5","4","7","5","4","2","2","2","2","0","0.5","true","0","0.2","-1"
"830","5","4","8","5","4","2","2","2","2","0","0.5","true","0.333","0.133","-0.334"
"832","5","4","10","5","4","2","2","2","2","0","0.5","true","0.667","0.3334","-0.33299999999999996"
"836","5","4","6","5","4","2","2","2","2","0","0.5","true","0.333","0.1996","-0.334"
"839","5","4","6","5","4","2","2","2","2","0","0.5","true","0.333","0.333","-0.334"
"838","5","4","4","5","4","2","2","2","2","0","0.5","true","1","0.1332000000000001","0"
"835","5","4","5","5","4","2","2","2","2","0","0.5","true","0.667","0.4002","0"
"837","5","4","7","5","4","2","2","2","2","0","0.5","true","0.333","0.5998000000000001","0"
"841","5","4","6","5","4","2","2","2","2","0","0.5","true","-0.333","-0.3996","-1"
"843","5","4","7","5","4","2","2","2","2","0","0.5","true","0.333","0.06639999999999996","-0.334"
"842","5","4","5","5","4","2","2","2","2","0","0.5","true","0.333","0.3996","0"
"844","5","4","6","5","4","2","2","2","2","0","0.5","true","0","0.2","-0.333"
"840","5","4","10","5","4","2","2","2","2","0","0.5","true","0","0.4666","0"
"848","5","4","5","5","4","2","2","2","2","0","0.5","true","-0.667","-0.13379999999999992","-0.667"
"845","5","4","8","5","4","2","2","2","2","0","0.5","true","0.667","0.7334","0"
"849","5","4","6","5","4","2","2","2","2","0","0.5","true","0.667","0.667","0.334"
"846","5","4","6","5","4","2","2","2","2","0","0.5","true","0.667","0.7336","0"
"847","5","4","8","5","4","2","2","2","2","0","0.5","true","0.667","0.8004","0"
"851","5","4","7","5","4","2","2","2","2","0","0.5","true","0","0.0666","0"
"854","5","4","5","5","4","2","2","2","2","0","0.5","true","0.667","0.20040000000000002","-0.33299999999999996"
"852","5","4","7","5","4","2","2","2","2","0","0.5","true","-0.667","-0.40040000000000003","-1"
"850","5","4","6","5","4","2","2","2","2","0","0.5","true","-0.667","-0.667","-1.334"
"853","5","4","9","5","4","2","2","2","2","0","0.5","true","-0.667","-0.467","-1"
"858","5","4","7","5","4","2","2","2","2","0","0.5","true","0","-0.13319999999999999","-1"
"855","5","4","6","5","4","2","2","2","2","0","0.5","true","-0.333","-0.333","-1.333"
"857","5","4","5","5","4","2","2","2","2","0","0.5","true","0.333","0.3996","-0.334"
"856","5","4","8","5","4","2","2","2","2","0","0.5","true","0","0.0666","-0.667"
"859","5","4","7","5","4","2","2","2","2","0","0.5","true","0.667","0.33380000000000004","0"
"862","5","4","6","5","4","2","2","2","2","0","0.5","true","-0.333","-0.3996","-0.666"
"864","5","4","5","5","4","2","2","2","2","0","0.5","true","0.333","0.1996","-0.667"
"860","5","4","5","5","4","2","2","2","2","0","0.5","true","0.333","0.4666","0"
"861","5","4","8","5","4","2","2","2","2","0","0.5","true","-0.333","-0.13319999999999999","-0.333"
"863","5","4","7","5","4","2","2","2","2","0","0.5","true","0.667","0.4002","0"
"814","5","4","7","5","4","2","2","2","2","0","0.5","true","-0.333","-0.46640000000000004","-1.333"
"869","5","4","5","5","4","2","2","2","2","0","0.5","true","0","-0.13320000000000004","-0.333"
"866","5","4","7","5","4","2","2","2","2","0","0.5","true","1","0.5334","0"
"867","5","4","8","5","4","2","2","2","2","0","0.5","true","-0.333","-0.3996","-1"
"868","5","4","8","5","4","2","2","2","2","0","0.5","true","0","0.13340000000000002","-1"
"865","5","4","12","5","4","2","2","2","2","0","0.5","true","-0.333","-0.46640000000000004","-1"
"874","5","4","4","5","4","2","2","2","2","0","0.5","true","0","-0.06659999999999999","-0.667"
"875","5","4","6","5","4","2","2","2","2","0","0.5","true","0.333","0.1328","-0.667"
"872","5","4","6","5","4","2","2","2","2","0","0.5","true","0.667","0.9336","0.667"
"871","5","4","8","5","4","2","2","2","2","0","0.5","true","1","0.933","0.33299999999999996"
"873","5","4","8","5","4","2","2","2","2","0","0.5","true","0","0.0668","-0.333"
"877","5","4","5","5","4","2","2","2","2","0","0.5","true","0","-0.13340000000000002","-0.667"
"878","5","4","7","5","4","2","2","2","2","0","0.5","true","0.667","0.40040000000000003","-0.33299999999999996"
"880","5","4","9","5","4","2","2","2","2","0","0.5","true","0","-0.0664","-0.333"
"879","5","4","9","5","4","2","2","2","2","0","0.5","true","1","0.8666","0"
"876","5","4","12","5","4","2","2","2","2","0","0.5","true","-0.333","-0.1998","-0.333"
"881","5","4","10","5","4","2","2","2","2","0","0.5","true","0.333","0.3996","-0.334"
"882","5","4","7","5","4","2","2","2","2","0","0.5","true","0.333","0.1996","-0.667"
"883","5","4","9","5","4","2","2","2","2","0","0.5","true","0","0.2666","-0.333"
"885","5","4","7","5","4","2","2","2","2","0","0.5","true","-0.667","-0.8672000000000001","-1.334"
"884","5","4","12","5","4","2","2","2","2","0","0.5","true","1","0.9998","0.33299999999999996"
"887","5","4","6","5","4","2","2","2","2","0","0.5","true","0.333","0.333","-0.334"
"888","5","4","8","5","4","2","2","2","2","0","0.5","true","0","0.0668","-1"
"886","5","4","6","5","4","2","2","2","2","0","0.5","true","0.333","0.133","-0.334"
"889","5","4","6","5","4","2","2","2","2","0","0.5","true","0.333","0.2666","0"
"890","5","4","6","5","4","2","2","2","2","0","0.5","true","0.667","0.5336000000000001","0"
"892","5","4","5","5","4","2","2","2","2","0","0.5","true","-0.667","-0.467","-1.667"
"893","5","4","5","5","4","2","2","2","2","0","0.5","true","-0.333","4.0000000000001146E-4","-0.333"
"895","5","4","6","5","4","2","2","2","2","0","0.5","true","-0.333","-0.133","-0.666"
"894","5","4","5","5","4","2","2","2","2","0","0.5","true","-1","-0.6002","-0.667"
"891","5","4","6","5","4","2","2","2","2","0","0.5","true","0","-0.2","-0.667"
"898","5","4","6","5","4","2","2","2","2","0","0.5","true","0","0.2","0"
"897","5","4","5","5","4","2","2","2","2","0","0.5","true","0","0.0668","-0.333"
"899","5","4","6","5","4","2","2","2","2","0","0.5","true","0.667","0.40040000000000003","-0.33299999999999996"
"900","5","4","5","5","4","2","2","2","2","0","0.5","true","0","0.13320000000000004","-0.333"
"896","5","4","9","5","4","2","2","2","2","0","0.5","true","0.333","0.3996","0"
"870","5","4","8","5","4","2","2","2","2","0","0.5","true","-0.333","0.20060000000000006","-0.666"
"904","5","4","5","5","4","2","2","2","2","0","0.5","true","1","0.6","0"
"901","5","4","6","5","4","2","2","2","2","0","0.5","true","0.667","0.5338","0.334"
"903","5","4","5","5","4","2","2","2","2","0","0.5","true","0.667","0.7338","0.334"
"905","5","4","5","5","4","2","2","2","2","0","0.5","true","-0.333","-0.06639999999999996","-0.333"
"902","5","4","9","5","4","2","2","2","2","0","0.5","true","-0.333","-0.1996","-0.666"
"910","5","4","4","5","4","2","2","2","2","0","0.5","true","0.333","0.19980000000000003","-0.334"
"908","5","4","4","5","4","2","2","2","2","0","0.5","true","-0.333","-0.06640000000000001","-1.333"
"907","5","4","9","5","4","2","2","2","2","0","0.5","true","0.333","0.33320000000000005","-0.667"
"909","5","4","5","5","4","2","2","2","2","0","0.5","true","-1","-1","-1.667"
"912","5","4","7","5","4","2","2","2","2","0","0.5","true","1","0.8668","0.667"
"913","5","4","4","5","4","2","2","2","2","0","0.5","true","-0.667","-0.9338000000000001","-1.334"
"915","5","4","6","5","4","2","2","2","2","0","0.5","true","0.333","0.1998","0"
"914","5","4","6","5","4","2","2","2","2","0","0.5","true","0.333","0.3996","-0.334"
"916","5","4","5","5","4","2","2","2","2","0","0.5","true","-0.333","0.26699999999999996","0"
"911","5","4","6","5","4","2","2","2","2","0","0.5","true","0.333","0.3330000000000001","-0.667"
"918","5","4","6","5","4","2","2","2","2","0","0.5","true","0.333","0.2664","-0.334"
"917","5","4","6","5","4","2","2","2","2","0","0.5","true","-0.333","-0.533","-1"
"919","5","4","5","5","4","2","2","2","2","0","0.5","true","-0.333","4.0000000000001146E-4","-0.666"
"920","5","4","4","5","4","2","2","2","2","0","0.5","true","0.667","0.13380000000000003","-0.33299999999999996"
"921","5","4","6","5","4","2","2","2","2","0","0.5","true","0.333","0.2662","-0.334"
"924","5","4","7","5","4","2","2","2","2","0","0.5","true","0","-0.1332","-0.333"
"923","5","4","6","5","4","2","2","2","2","0","0.5","true","0.333","0.3996","-0.334"
"922","5","4","6","5","4","2","2","2","2","0","0.5","true","0","0","-1"
"928","5","4","5","5","4","2","2","2","2","0","0.5","true","-0.333","-0.333","-1"
"926","5","4","8","5","4","2","2","2","2","0","0.5","true","0.667","1.0002","0.667"
"925","5","4","8","5","4","2","2","2","2","0","0.5","true","0.667","0.46720000000000006","0"
"927","5","4","5","5","4","2","2","2","2","0","0.5","true","-0.667","-0.4672","-1.334"
"929","5","4","9","5","4","2","2","2","2","0","0.5","true","0","0.0666","-0.333"
"932","5","4","6","5","4","2","2","2","2","0","0.5","true","0.333","0.39980000000000004","-0.667"
"933","5","4","6","5","4","2","2","2","2","0","0.5","true","-1","-0.9332","-1.333"
"931","5","4","10","5","4","2","2","2","2","0","0.5","true","1","0.8666","0.33299999999999996"
"930","5","4","8","5","4","2","2","2","2","0","0.5","true","0.667","0.7336","0.334"
"934","5","4","10","5","4","2","2","2","2","0","0.5","true","0","-0.06659999999999998","-1"
"937","5","4","7","5","4","2","2","2","2","0","0.5","true","0.667","0.467","-0.33299999999999996"
"935","5","4","11","5","4","2","2","2","2","0","0.5","true","0.667","0.7338","0"
"938","5","4","6","5","4","2","2","2","2","0","0.5","true","1","0.8666","0.33299999999999996"
"936","5","4","6","5","4","2","2","2","2","0","0.5","true","1","0.6666","0.33299999999999996"
"939","5","4","7","5","4","2","2","2","2","0","0.5","true","0.667","0.13360000000000005","-0.33299999999999996"
"941","5","4","8","5","4","2","2","2","2","0","0.5","true","-0.333","-0.133","-1"
"940","5","4","12","5","4","2","2","2","2","0","0.5","true","-0.333","-0.46620000000000006","-1"
"943","5","4","6","5","4","2","2","2","2","0","0.5","true","0.333","0.46640000000000004","0"
"942","5","4","9","5","4","2","2","2","2","0","0.5","true","-0.333","-0.333","-0.666"
"944","5","4","8","5","4","2","2","2","2","0","0.5","true","0","-0.20020000000000002","-0.667"
"945","5","4","7","5","4","2","2","2","2","0","0.5","true","0","-0.1332","-0.333"
"947","5","4","6","5","4","2","2","2","2","0","0.5","true","0.333","0.5332","-0.334"
"948","5","4","8","5","4","2","2","2","2","0","0.5","true","0","0","-0.667"
"946","5","4","9","5","4","2","2","2","2","0","0.5","true","0.333","0.26639999999999997","-0.667"
"951","5","4","4","5","4","2","2","2","2","0","0.5","true","1","0.4666","0"
"949","5","4","11","5","4","2","2","2","2","0","0.5","true","-0.333","-0.1996","-1"
"952","5","4","5","5","4","2","2","2","2","0","0.5","true","-0.333","4.0000000000001146E-4","-0.333"
"953","5","4","6","5","4","2","2","2","2","0","0.5","true","-0.333","-0.46620000000000006","-1"
"950","5","4","9","5","4","2","2","2","2","0","0.5","true","-0.333","5.999999999999894E-4","-0.666"
"955","5","4","5","5","4","2","2","2","2","0","0.5","true","0.333","0.2664","0"
"958","5","4","8","5","4","2","2","2","2","0","0.5","true","-0.333","-0.13319999999999999","-0.666"
"956","5","4","9","5","4","2","2","2","2","0","0.5","true","0","-0.13340000000000002","-0.667"
"957","5","4","7","5","4","2","2","2","2","0","0.5","true","0","-0.0668","-0.667"
"954","5","4","13","5","4","2","2","2","2","0","0.5","true","-0.333","-0.133","-0.666"
"959","5","4","6","5","4","2","2","2","2","0","0.5","true","0","0.26680000000000004","-0.333"
"962","5","4","6","5","4","2","2","2","2","0","0.5","true","-0.333","-0.133","-1"
"961","5","4","6","5","4","2","2","2","2","0","0.5","true","0","0.33340000000000003","-0.667"
"963","5","4","10","5","4","2","2","2","2","0","0.5","true","1","1.4","1"
"960","5","4","9","5","4","2","2","2","2","0","0.5","true","0","0.26680000000000004","-0.667"
"966","5","4","6","5","4","2","2","2","2","0","0.5","true","0.333","0.5996","0"
"967","5","4","6","5","4","2","2","2","2","0","0.5","true","0.667","0.13360000000000005","-0.33299999999999996"
"964","5","4","8","5","4","2","2","2","2","0","0.5","true","-1","-0.8668","-1.333"
"965","5","4","9","5","4","2","2","2","2","0","0.5","true","0","0.2","0"
"968","5","4","7","5","4","2","2","2","2","0","0.5","true","0.333","0.06640000000000001","-0.667"
"971","5","4","5","5","4","2","2","2","2","0","0.5","true","-0.667","-0.5336000000000001","-1"
"969","5","4","7","5","4","2","2","2","2","0","0.5","true","0.333","0.8","0"
"970","5","4","7","5","4","2","2","2","2","0","0.5","true","1","0.8668","0.33299999999999996"
"972","5","4","8","5","4","2","2","2","2","0","0.5","true","-0.333","0.1336","-0.333"
"973","5","4","12","5","4","2","2","2","2","0","0.5","true","1","0.8666","0"
"974","5","4","5","5","4","2","2","2","2","0","0.5","true","-0.333","4.0000000000001146E-4","-0.333"
"976","5","4","5","5","4","2","2","2","2","0","0.5","true","-1","-0.8","-1.667"
"975","5","4","8","5","4","2","2","2","2","0","0.5","true","0.667","0.4004","0"
"977","5","4","6","5","4","2","2","2","2","0","0.5","true","0","0.13340000000000002","-0.333"
"979","5","4","7","5","4","2","2","2","2","0","0.5","true","-0.333","-0.2662","-0.666"
"978","5","4","9","5","4","2","2","2","2","0","0.5","true","0.333","0.46640000000000004","0"
"981","5","4","4","5","4","2","2","2","2","0","0.5","true","0","0.2666","0"
"980","5","4","9","5","4","2","2","2","2","0","0.5","true","0","0.0666","-1"
"906","5","4","7","5","4","2","2","2","2","0","0.5","true","0.667","0.5336000000000001","-0.33299999999999996"
"982","5","4","6","5","4","2","2","2","2","0","0.5","true","0.333","0.133","-0.334"
"983","5","4","6","5","4","2","2","2","2","0","0.5","true","-0.333","-0.1996","-1"
"984","5","4","7","5","4","2","2","2","2","0","0.5","true","0.667","0.8006","0.334"
"985","5","4","7","5","4","2","2","2","2","0","0.5","true","0","0.0666","-0.667"
"986","5","4","9","5","4","2","2","2","2","0","0.5","true","0","0","-0.667"
"988","5","4","10","5","4","2","2","2","2","0","0.5","true","0.333","0.1996","-0.334"
"990","5","4","5","5","4","2","2","2","2","0","0.5","true","0","-0.4","-1"
"989","5","4","5","5","4","2","2","2","2","0","0.5","true","0","0.2666","0"
"991","5","4","7","5","4","2","2","2","2","0","0.5","true","-0.333","-0.39980000000000004","-1"
"992","5","4","6","5","4","2","2","2","2","0","0.5","true","-0.333","-0.1998","-0.666"
"993","5","4","5","5","4","2","2","2","2","0","0.5","true","-0.667","-0.20020000000000004","-1"
"994","5","4","8","5","4","2","2","2","2","0","0.5","true","-0.333","0.067","-0.333"
"995","5","4","5","5","4","2","2","2","2","0","0.5","true","1","1","0.667"
"997","5","4","11","5","4","2","2","2","2","0","0.5","true","-0.333","0.06720000000000004","-0.666"
"996","5","4","12","5","4","2","2","2","2","0","0.5","true","-0.333","-0.1996","-0.666"
"998","5","4","7","5","4","2","2","2","2","0","0.5","true","-1","-1.2666","-2"
"1000","5","4","7","5","4","2","2","2","2","0","0.5","true","0.667","0.6004","0"
"999","5","4","9","5","4","2","2","2","2","0","0.5","true","0.333","0.1328","-0.334"
"987","5","4","8","5","4","2","2","2","2","0","0.5","true","1","1.1334","0"
